COUNTY_NAME,2002,2007,2012,2017,2022
AUTAUGA,789.0,501.0,763.0,1025.0,959.0
BARBOUR,214525.0,241320.0,324540.0,158834.0,104897.0
BIBB,300.0,143.0,959.0,875.0,1027.0
BLOUNT,411854.0,369328.0,250208.0,258259.0,370801.0
BULLOCK,0.0,0.0,90381.0,0.0,334.0
BUTLER,51327.0,80550.0,52000.0,0.0,0.0
CALHOUN,0.0,0.0,2503.0,1529.0,2361.0
CHAMBERS,183.0,528.0,1358.0,671.0,1459.0
CHEROKEE,263.0,0.0,0.0,0.0,0.0
CHILTON,1498.0,7266.0,3825.0,1305.0,2808.0
CHOCTAW,0.0,275.0,1590.0,28974.0,384.0
CLARKE,296.0,339.0,937.0,516.0,1305.0
CLAY,47730.0,0.0,0.0,174950.0,356274.0
CLEBURNE,118474.0,101928.0,99237.0,0.0,48702.0
COFFEE,154369.0,232681.0,184039.0,193883.0,0.0
COLBERT,43743.0,0.0,1262.0,0.0,0.0
CONECUH,120.0,287.0,0.0,0.0,0.0
COOSA,134.0,0.0,467.0,413.0,132.0
COVINGTON,383361.0,432169.0,659237.0,739723.0,442770.0
CRENSHAW,184725.0,222411.0,181838.0,229585.0,214380.0
CULLMAN,1572552.0,1687486.0,1788944.0,1024436.0,1566017.0
DALE,265.0,104925.0,218624.0,166950.0,205153.0
DALLAS,362.0,558.0,221.0,766.0,855.0
DE KALB,1349566.0,1444751.0,1204427.0,1230837.0,1182305.0
ELMORE,769.0,695.0,1983.0,2612.0,1661.0
ESCAMBIA,1382.0,1267.0,2508.0,1117.0,1310.0
ETOWAH,291512.0,72375.0,141709.0,182284.0,172558.0
FAYETTE,381.0,544.0,2175.0,1308.0,1081.0
FRANKLIN,245717.0,147082.0,231376.0,120431.0,143135.0
GENEVA,268367.0,163550.0,115073.0,54171.0,0.0
GREENE,203.0,224.0,796.0,121.0,485.0
HALE,145.0,1104.0,904.0,579.0,524.0
HENRY,0.0,185.0,0.0,115101.0,0.0
HOUSTON,0.0,0.0,9693.0,1237.0,1489.0
JACKSON,267075.0,253441.0,305196.0,87610.0,140896.0
JEFFERSON,656.0,275.0,1762.0,3490.0,2203.0
LAMAR,778.0,687.0,604.0,353.0,702.0
LAUDERDALE,130202.0,222368.0,204082.0,204921.0,86046.0
LAWRENCE,304356.0,302610.0,134857.0,214571.0,182321.0
LEE,0.0,3632.0,3945.0,2531.0,1972.0
LIMESTONE,134314.0,93720.0,72457.0,68262.0,48195.0
LOWNDES,279.0,217.0,568.0,490.0,323.0
MACON,578.0,1947.0,3952.0,917.0,1004.0
MADISON,0.0,0.0,2090.0,4912.0,3479.0
MARENGO,303.0,729.0,1458.0,764.0,1966.0
MARION,89724.0,111844.0,0.0,32447.0,833.0
MARSHALL,1111769.0,586462.0,689228.0,290921.0,366260.0
MOBILE,868.0,2252.0,3600.0,5601.0,4183.0
MONROE,264.0,211.0,533.0,516.0,722.0
MONTGOMERY,468.0,396.0,704.0,1130.0,566.0
MORGAN,48013.0,50179.0,12042.0,2480.0,0.0
PERRY,446.0,349.0,888.0,523.0,814.0
PICKENS,335196.0,208372.0,249428.0,223634.0,104287.0
PIKE,249912.0,228885.0,211296.0,149570.0,0.0
RANDOLPH,388163.0,602791.0,451001.0,341291.0,222443.0
RUSSELL,346.0,640.0,561.0,885.0,1046.0
SAINT CLAIR,3272.0,1083.0,1925.0,1275.0,2313.0
SHELBY,1120.0,962.0,2706.0,2994.0,1551.0
SUMTER,236.0,0.0,85728.0,0.0,339.0
TALLADEGA,0.0,0.0,16297.0,1111.0,2188.0
TALLAPOOSA,0.0,706.0,605.0,888.0,1092.0
TUSCALOOSA,0.0,50164.0,90177.0,3226.0,2164.0
WALKER,0.0,0.0,13514.0,0.0,12037.0
WASHINGTON,217044.0,290992.0,127597.0,228349.0,97816.0
WILCOX,285.0,470.0,1531.0,328.0,904.0
WINSTON,252320.0,195859.0,0.0,61575.0,105045.0
ALEUTIAN ISLANDS,112.0,0.0,410.0,520.0,304.0
ANCHORAGE,1541.0,2350.0,5099.0,4309.0,4364.0
FAIRBANKS NORTH STAR,731.0,785.0,1797.0,1527.0,1426.0
JUNEAU,151.0,0.0,281.0,458.0,534.0
KENAI PENINSULA,337.0,378.0,678.0,1546.0,3506.0
APACHE,417.0,3387.0,4346.0,3818.0,4738.0
COCHISE,2099.0,4628.0,15117.0,8653.0,6049.0
COCONINO,430.0,1211.0,1923.0,1847.0,2823.0
GILA,412.0,484.0,632.0,3379.0,1559.0
GRAHAM,136.0,1162.0,2570.0,1454.0,489.0
GREENLEE,190.0,382.0,287.0,460.0,186.0
LAPAZ,180.0,243.0,215.0,0.0,0.0
MOHAVE,742.0,1014.0,1386.0,2885.0,1597.0
NAVAJO,470.0,3769.0,4054.0,4897.0,3842.0
PIMA,548.0,1139.0,3126.0,2959.0,2521.0
PINAL,530.0,1958.0,3019.0,3027.0,2496.0
SANTA CRUZ,366.0,286.0,698.0,525.0,855.0
YAVAPAI,1398.0,2059.0,5617.0,6596.0,4288.0
YUMA,269.0,1000.0,1133.0,550.0,1238.0
ARKANSAS,150.0,337.0,205.0,303.0,192.0
ASHLEY,304.0,824.0,573.0,0.0,245346.0
BAXTER,840.0,1663.0,1860.0,1373.0,1456.0
BENTON,1221497.0,1664829.0,1672147.0,1365181.0,1469123.0
BOONE,214136.0,229148.0,170647.0,179418.0,290424.0
BRADLEY,251092.0,317755.0,295528.0,580056.0,547270.0
CARROLL,885903.0,1147788.0,1193778.0,1348923.0,1932126.0
CHICOT,0.0,114.0,58.0,80.0,48.0
CLARK,211240.0,225450.0,165436.0,105555.0,0.0
CLEVELAND,256170.0,360353.0,190421.0,117086.0,100436.0
COLUMBIA,175333.0,190191.0,106464.0,194186.0,41550.0
CONWAY,0.0,74304.0,62928.0,76527.0,0.0
CRAIGHEAD,769.0,195.0,469.0,1032.0,702.0
CRAWFORD,106143.0,161087.0,139451.0,3430.0,2102.0
CRITTENDEN,53.0,905.0,755.0,510.0,838.0
CROSS,83.0,84.0,102.0,371.0,338.0
DESHA,0.0,0.0,84.0,100.0,95.0
DREW,117510.0,165503.0,215066.0,198030.0,169082.0
FAULKNER,0.0,0.0,2525.0,4818.0,4121.0
FULTON,947.0,843.0,1908.0,103883.0,66176.0
GARLAND,129765.0,122786.0,110846.0,0.0,0.0
GRANT,370.0,637.0,555.0,1804.0,1289.0
HEMPSTEAD,591272.0,231135.0,676508.0,415341.0,370581.0
HOT SPRING,291104.0,411164.0,454397.0,429930.0,374506.0
HOWARD,557520.0,437578.0,367690.0,690940.0,509529.0
INDEPENDENCE,155936.0,84046.0,75179.0,0.0,0.0
IZARD,0.0,840.0,1431.0,0.0,86714.0
JOHNSON,255849.0,216294.0,129904.0,204663.0,380443.0
LAFAYETTE,105766.0,161444.0,129720.0,0.0,221.0
LINCOLN,155521.0,136083.0,121193.0,214429.0,182318.0
LITTLE RIVER,0.0,0.0,43117.0,0.0,483275.0
LOGAN,96199.0,94416.0,149670.0,118513.0,163089.0
LONOKE,191.0,759.0,940.0,2711.0,2446.0
MILLER,118588.0,79015.0,78348.0,83100.0,230793.0
MISSISSIPPI,180.0,0.0,453.0,0.0,45040.0
NEVADA,209882.0,276210.0,198965.0,157273.0,193697.0
NEWTON,43471.0,42517.0,0.0,0.0,770.0
OUACHITA,0.0,0.0,1191.0,2514.0,1287.0
PHILLIPS,0.0,0.0,28.0,19.0,56.0
POINSETT,0.0,95.0,428.0,662.0,0.0
POLK,236393.0,302159.0,269050.0,104738.0,141618.0
POPE,313728.0,318199.0,155763.0,64672.0,82714.0
PRAIRIE,67.0,380.0,471.0,122.0,317.0
PULASKI,663.0,855.0,1243.0,1517.0,2263.0
SAINT FRANCIS,0.0,615.0,48.0,310.0,0.0
SALINE,1159.0,906.0,1618.0,2091.0,1382.0
SCOTT,523851.0,482261.0,410452.0,216546.0,89398.0
SEARCY,369.0,650.0,937.0,1908.0,1093.0
SEBASTIAN,156760.0,91176.0,53058.0,176924.0,197175.0
SEVIER,56031.0,62258.0,88677.0,0.0,101828.0
SHARP,425190.0,454399.0,285521.0,288271.0,226410.0
STONE,368.0,0.0,0.0,1035.0,1531.0
UNION,0.0,42534.0,2214.0,1309.0,756.0
VAN BUREN,813.0,983.0,1031.0,1561.0,1760.0
WHITE,106748.0,0.0,0.0,0.0,0.0
WOODRUFF,0.0,0.0,0.0,0.0,90.0
YELL,350020.0,333720.0,572129.0,325643.0,471707.0
ALAMEDA,532.0,2686.0,798.0,1366.0,720.0
AMADOR,403.0,5273.0,3806.0,1475.0,1941.0
BUTTE,1556.0,6042.0,4963.0,5543.0,5141.0
CALAVERAS,628.0,1761.0,2504.0,2397.0,3095.0
COLUSA,133.0,778.0,250.0,599.0,367.0
CONTRA COSTA,556.0,1067.0,3256.0,3194.0,4801.0
DEL NORTE,229.0,372.0,1141.0,396.0,95120.0
EL DORADO,1988.0,2989.0,5506.0,6396.0,7659.0
FRESNO,0.0,2463.0,6261.0,0.0,2589.0
GLENN,764.0,837.0,1531.0,1895.0,2702.0
HUMBOLDT,1552.0,1800.0,3069.0,4164.0,3106.0
IMPERIAL,70.0,75.0,196.0,494.0,87.0
INYO,100.0,84.0,292.0,0.0,0.0
KINGS,0.0,0.0,0.0,972.0,1152.0
LAKE,6133.0,4474.0,4229.0,2752.0,1906.0
LASSEN,459.0,817.0,1191.0,837.0,1856.0
LOS ANGELES,8458.0,0.0,3579.0,3005.0,2960.0
MADERA,0.0,3259.0,1277.0,1996.0,0.0
MARIN,358.0,556.0,11467.0,23433.0,38370.0
MARIPOSA,551.0,411.0,1032.0,1924.0,1792.0
MENDOCINO,4451.0,8973.0,4149.0,3817.0,3568.0
MERCED,4462056.0,3625350.0,3411016.0,3516959.0,3410713.0
MODOC,359.0,835.0,923.0,1194.0,731.0
MONO,57.0,0.0,72.0,211.0,66.0
MONTEREY,7968.0,3936.0,3303.0,1716.0,4708.0
NAPA,1001.0,0.0,2123.0,4769.0,4487.0
ORANGE,0.0,0.0,440.0,351.0,411.0
PLACER,5258.0,2861.0,4925.0,9244.0,5544.0
PLUMAS,594.0,496.0,733.0,966.0,1531.0
RIVERSIDE,5437142.0,2300179.0,4127452.0,1007667.0,984579.0
SACRAMENTO,2576.0,4280.0,3484.0,7420.0,6527.0
SAN BENITO,352.0,490.0,1502.0,3570.0,5627.0
SAN BERNARDINO,2147733.0,4276147.0,1454595.0,550727.0,860010.0
SAN DIEGO,2735865.0,2398504.0,2268366.0,1808815.0,1094318.0
SAN JOAQUIN,1780319.0,2163234.0,1851643.0,1454951.0,1242185.0
SAN LUIS OBISPO,13257.0,3993.0,6848.0,8475.0,9837.0
SAN MATEO,2026.0,1008.0,1907.0,2242.0,2894.0
SANTA BARBARA,0.0,984.0,3289.0,5678.0,3044.0
SANTA CLARA,419.0,1329.0,2378.0,16210.0,3796.0
SHASTA,2088.0,4701.0,6453.0,6893.0,5523.0
SIERRA,52.0,0.0,166.0,26.0,0.0
SISKIYOU,985.0,1319.0,3672.0,4251.0,2029.0
SOLANO,8032.0,25110.0,0.0,26169.0,18994.0
SONOMA,1126374.0,1254759.0,0.0,1612494.0,1196304.0
STANISLAUS,2370256.0,2256513.0,2549818.0,1853281.0,972924.0
SUTTER,964.0,794.0,968.0,627.0,1158.0
TEHAMA,1484.0,2525.0,5131.0,10692.0,0.0
TRINITY,507.0,719.0,1466.0,1277.0,547.0
TULARE,0.0,18347.0,19044.0,4754.0,2009.0
TUOLUMNE,528.0,519.0,976.0,3247.0,1363.0
VENTURA,1126.0,2911.0,4720.0,6951.0,5416.0
YOLO,714.0,1241.0,9162.0,12324.0,26018.0
YUBA,1165.0,2204.0,2879.0,2714.0,3618.0
ADAMS,1335.0,2867.0,3595.0,4505.0,4021.0
ALAMOSA,449.0,387.0,1014.0,405.0,875.0
ARAPAHOE,684.0,1570.0,2981.0,4646.0,4046.0
ARCHULETA,465.0,533.0,642.0,437.0,1178.0
BACA,319.0,533.0,501.0,476.0,390.0
BENT,329.0,537.0,444.0,403.0,136.0
BOULDER,0.0,0.0,0.0,5031.0,4391.0
BROOMFIELD,0.0,0.0,0.0,24.0,45.0
CHAFFEE,549.0,362.0,1007.0,596.0,932.0
CHEYENNE,110.0,85.0,244.0,0.0,46.0
CLEAR CREEK,0.0,78.0,35.0,0.0,0.0
CONEJOS,748.0,605.0,1075.0,1504.0,1282.0
COSTILLA,117.0,468.0,296.0,418.0,88.0
CROWLEY,419.0,729.0,334.0,1407.0,562.0
CUSTER,242.0,173.0,306.0,655.0,634.0
DELTA,1337.0,2997.0,3644.0,7159.0,7798.0
DENVER,0.0,0.0,0.0,0.0,75.0
DOLORES,192.0,324.0,691.0,415.0,350.0
DOUGLAS,1516.0,1652.0,2839.0,4542.0,4505.0
EAGLE,118.0,146.0,468.0,823.0,717.0
EL PASO,2056.0,4524.0,4597.0,0.0,9344.0
ELBERT,0.0,2314.0,4120.0,6252.0,8969.0
FREMONT,588.0,2247.0,2138.0,3195.0,2288.0
GARFIELD,583.0,1556.0,2465.0,9779.0,2874.0
GILPIN,0.0,0.0,0.0,42.0,76.0
GRAND,105.0,160.0,439.0,773.0,808.0
GUNNISON,0.0,568.0,293.0,753.0,1523.0
HUERFANO,139.0,340.0,620.0,681.0,1065.0
KIOWA,121.0,473.0,195.0,381.0,166.0
KIT CARSON,457.0,335.0,647.0,181.0,458.0
LA PLATA,1947.0,2515.0,3987.0,4435.0,6082.0
LARIMER,7059.0,4279.0,5033.0,9210.0,10786.0
LAS ANIMAS,512.0,521.0,909.0,13150.0,0.0
MOFFAT,663.0,821.0,751.0,1145.0,1287.0
MONTEZUMA,700.0,1484.0,4222.0,5092.0,4037.0
MONTROSE,0.0,0.0,0.0,352317.0,464268.0
OTERO,907.0,717.0,579.0,816.0,535.0
OURAY,133.0,236.0,538.0,307.0,267.0
PARK,350.0,538.0,617.0,696.0,901.0
PITKIN,0.0,203.0,264.0,247.0,1379.0
PROWERS,664.0,585.0,898.0,338.0,337.0
PUEBLO,1253.0,2298.0,1945.0,2943.0,1986.0
RIO BLANCO,222.0,277.0,594.0,534.0,497.0
RIO GRANDE,466.0,375.0,942.0,570.0,330.0
ROUTT,109.0,417.0,1315.0,1469.0,2257.0
SAGUACHE,277.0,267.0,1056.0,0.0,0.0
SAN MIGUEL,377.0,507.0,978.0,596.0,179.0
SEDGWICK,88.0,258.0,340.0,357.0,382.0
SUMMIT,0.0,0.0,66.0,32.0,163.0
TELLER,181.0,270.0,257.0,378.0,737.0
WELD,2933480.0,2791770.0,3275817.0,3589459.0,0.0
FAIRFIELD,2547.0,3881.0,3376.0,21784.0,4433.0
HARTFORD,3078.0,4240.0,4384.0,7039.0,5415.0
LITCHFIELD,4337.0,7386.0,7542.0,9759.0,9323.0
MIDDLESEX,2032.0,2688.0,2152.0,3207.0,2546.0
NEW HAVEN,15163.0,4479.0,4435.0,5061.0,5092.0
TOLLAND,3288.0,5753.0,2567.0,5492.0,6318.0
WINDHAM,0.0,8211.0,6456.0,3510.0,5156.0
KENT,0.0,2123.0,3133.0,3140.0,2644.0
SUSSEX,80007.0,47405.0,0.0,2121.0,1778.0
ALACHUA,1320.0,1585.0,5236.0,5878.0,5815.0
BAKER,305.0,858.0,1967.0,679.0,1751.0
BAY,300.0,393.0,2108.0,1237.0,835.0
BREVARD,374.0,883.0,4829.0,7727.0,3011.0
BROWARD,32.0,938.0,1250.0,4477.0,1783.0
CHARLOTTE,378.0,252.0,446.0,1445.0,928.0
CITRUS,1094.0,1230.0,1775.0,3955.0,4880.0
COLLIER,91.0,849.0,666.0,0.0,664.0
DE SOTO,251.0,1122.0,3070.0,2118.0,928.0
DIXIE,78334.0,0.0,0.0,0.0,0.0
DUVAL,1255.0,266.0,699.0,1484.0,1023.0
FLAGLER,255.0,122.0,237.0,290.0,164.0
GADSDEN,70.0,351.0,960.0,0.0,0.0
GILCHRIST,242.0,1334.0,1782.0,1809.0,1971.0
GLADES,210.0,644.0,552.0,400.0,603.0
GULF,75.0,215.0,0.0,0.0,82.0
HAMILTON,0.0,264.0,1089.0,919.0,450.0
HARDEE,292.0,541.0,1140.0,1215.0,1172.0
HENDRY,286.0,2157.0,882.0,605.0,0.0
HERNANDO,0.0,0.0,903226.0,3206.0,3965.0
HIGHLANDS,1166.0,2857.0,1906.0,8840.0,1535.0
HILLSBOROUGH,0.0,0.0,0.0,10784.0,6790.0
HOLMES,49745.0,998.0,2222.0,2055.0,1316.0
INDIAN RIVER,138.0,851.0,895.0,1233.0,1372.0
LEON,436.0,500.0,789.0,1182.0,1886.0
LEVY,430.0,1387.0,2129.0,2400.0,3525.0
LIBERTY,84.0,76.0,139.0,396.0,632.0
MANATEE,3721.0,5953.0,4861.0,12492.0,3938.0
MARTIN,0.0,0.0,0.0,3621.0,2236.0
MIAMI-DADE,2052.0,7755.0,8174.0,11910.0,36755.0
NASSAU,195.0,2104.0,2873.0,3770.0,4294.0
OKALOOSA,615.0,1092.0,1532.0,2888.0,1303.0
OKEECHOBEE,171.0,439.0,1433.0,0.0,0.0
OSCEOLA,160.0,168.0,458.0,941.0,441.0
PALM BEACH,749.0,2064.0,3249.0,6308.0,5431.0
PASCO,0.0,0.0,0.0,0.0,2636116.0
PINELLAS,248.0,113.0,146.0,280.0,914.0
PUTNAM,0.0,1042.0,60699.0,0.0,0.0
SANTA ROSA,269.0,1147.0,2901.0,2596.0,4464.0
SARASOTA,0.0,264.0,616.0,343.0,1459.0
SEMINOLE,753.0,936.0,871.0,3994.0,1739.0
ST. JOHNS,220.0,161.0,1049.0,1708.0,517.0
ST. LUCIE,317.0,423.0,331.0,1100.0,1777.0
SUWANNEE,322268.0,149231.0,220707.0,70199.0,122025.0
TAYLOR,0.0,151.0,814.0,1729.0,335.0
VOLUSIA,878.0,2680.0,5520.0,7387.0,7405.0
WAKULLA,272.0,436.0,671.0,3088.0,2132.0
WALTON,0.0,0.0,22415.0,22243.0,22966.0
APPLING,0.0,131176.0,188497.0,139585.0,597265.0
ATKINSON,0.0,184.0,152.0,0.0,44407.0
BACON,1177964.0,1228907.0,780195.0,746458.0,421852.0
BALDWIN,0.0,487.0,128.0,252.0,110.0
BANKS,994165.0,1239494.0,635916.0,534943.0,533691.0
BARROW,116042.0,46970.0,0.0,0.0,371.0
BARTOW,76090.0,52558.0,65884.0,119427.0,0.0
BEN HILL,0.0,209.0,222.0,243.0,266.0
BERRIEN,186.0,0.0,238138.0,107868.0,0.0
BLECKLEY,152.0,2654.0,76.0,100.0,158.0
BRANTLEY,652118.0,0.0,0.0,0.0,0.0
BROOKS,48.0,0.0,0.0,0.0,989.0
BRYAN,60.0,208.0,476.0,175.0,1256.0
BULLOCH,208.0,593.0,2693.0,1959.0,1365.0
BURKE,137.0,434.0,985.0,1904.0,1014.0
BUTTS,36.0,104.0,440.0,322.0,364.0
CAMDEN,635.0,0.0,421.0,904.0,559.0
CANDLER,0.0,0.0,0.0,0.0,55992.0
CATOOSA,60187.0,110139.0,176282.0,0.0,962.0
CHARLTON,0.0,0.0,0.0,0.0,459.0
CHATHAM,0.0,0.0,0.0,630.0,254.0
CHATTAHOOCHEE,0.0,50.0,0.0,30.0,0.0
CHATTOOGA,63010.0,0.0,0.0,106438.0,172473.0
CLAYTON,32.0,108.0,86.0,64.0,102.0
CLINCH,0.0,0.0,237.0,0.0,0.0
COBB,145.0,600.0,1152.0,1443.0,2146.0
COLQUITT,322.0,137244.0,246513.0,220342.0,210653.0
COOK,43.0,0.0,157.0,0.0,501.0
COWETA,324.0,446.0,1906.0,1767.0,1073.0
CRISP,0.0,260.0,588.0,430.0,383.0
DADE,38694.0,0.0,79445.0,0.0,102465.0
DAWSON,86071.0,52145.0,57327.0,321.0,0.0
DECATUR,0.0,0.0,708.0,0.0,70.0
DODGE,89.0,379.0,263.0,1279.0,1547.0
DOOLY,150.0,91.0,185.0,447.0,71.0
DOUGHERTY,0.0,70.0,326.0,83.0,0.0
EARLY,469.0,231.0,0.0,0.0,0.0
ECHOLS,0.0,0.0,0.0,0.0,121798.0
EFFINGHAM,50.0,2474.0,1085.0,2416.0,2104.0
EMANUEL,96.0,481.0,585.0,2464.0,1132.0
EVANS,0.0,0.0,0.0,0.0,102.0
FANNIN,126150.0,159069.0,0.0,83214.0,0.0
FLOYD,0.0,1700.0,3685.0,1895.0,1010.0
FORSYTH,431035.0,246501.0,0.0,0.0,51258.0
GILMER,311540.0,564818.0,337524.0,357327.0,324737.0
GLASCOCK,0.0,56.0,0.0,136.0,497.0
GLYNN,0.0,260.0,192.0,574.0,1650.0
GORDON,636846.0,396888.0,345273.0,143043.0,116459.0
GRADY,0.0,0.0,844.0,433.0,455.0
GWINNETT,73.0,91.0,206.0,667.0,452.0
HABERSHAM,360182.0,244987.0,383883.0,386244.0,457841.0
HALL,2854497.0,1964636.0,1603172.0,1779419.0,2097101.0
HANCOCK,0.0,140.0,569.0,224.0,413.0
HARALSON,73.0,113.0,524.0,743.0,0.0
HARRIS,337.0,1025.0,760.0,2191.0,924.0
HART,921455.0,1771676.0,1069520.0,1002729.0,1422028.0
HEARD,0.0,1509.0,0.0,52555.0,424.0
IRWIN,55.0,186.0,74.0,121.0,266.0
JASPER,1292848.0,0.0,0.0,0.0,4890427.0
JEFF DAVIS,0.0,0.0,0.0,0.0,140460.0
JENKINS,0.0,68.0,520.0,830.0,300.0
JONES,182.0,411.0,1077.0,485.0,1533.0
LANIER,340.0,0.0,181.0,277.0,692.0
LAURENS,60.0,427.0,567.0,0.0,78347.0
LONG,0.0,75.0,42.0,1634.0,485.0
LUMPKIN,158901.0,76125.0,36236.0,126225.0,121794.0
MCDUFFIE,120.0,348.0,804.0,1076.0,1998.0
MCINTOSH,0.0,83.0,63.0,0.0,291.0
MERIWETHER,126.0,991.0,909.0,1913.0,977.0
MITCHELL,102001.0,0.0,109226.0,0.0,0.0
MURRAY,0.0,79434.0,103082.0,0.0,180245.0
MUSCOGEE,210.0,0.0,0.0,282.0,0.0
OCONEE,0.0,496.0,779.0,668.0,1339.0
OGLETHORPE,227132.0,130457.0,122094.0,179341.0,89573.0
PAULDING,84.0,301.0,367.0,1391.0,7556.0
PEACH,0.0,160.0,312.0,1096.0,808.0
PIERCE,0.0,488.0,0.0,987.0,674.0
QUITMAN,0.0,0.0,0.0,206.0,127.0
RABUN,36.0,364.0,261.0,316.0,88.0
RICHMOND,0.0,154.0,477.0,1194.0,946.0
ROCKDALE,170.0,200.0,982.0,976.0,348.0
SCHLEY,0.0,0.0,0.0,179.0,181.0
SCREVEN,105.0,374.0,1394.0,618.0,301.0
SPALDING,90.0,818.0,948.0,1331.0,697.0
STEPHENS,105162.0,71618.0,63724.0,98351.0,75187.0
STEWART,27.0,0.0,72.0,682.0,73.0
TALBOT,0.0,97.0,70.0,119.0,0.0
TALIAFERRO,0.0,0.0,112.0,0.0,48.0
TATTNALL,246081.0,303900.0,345404.0,319905.0,155780.0
TELFAIR,0.0,840.0,638.0,805.0,246.0
TERRELL,0.0,83.0,127.0,116.0,188.0
THOMAS,0.0,0.0,0.0,392.0,0.0
TIFT,0.0,242.0,84.0,580.0,264.0
TOOMBS,82419.0,107322.0,100755.0,0.0,115486.0
TOWNS,0.0,58.0,106.0,172.0,190.0
TREUTLEN,0.0,227.0,624.0,214.0,779.0
TROUP,347.0,1340.0,535.0,1292.0,1084.0
TURNER,0.0,197.0,210.0,214.0,79.0
TWIGGS,0.0,724.0,57.0,492.0,216.0
UPSON,134.0,281.0,727.0,607.0,727.0
WARE,0.0,0.0,0.0,0.0,427.0
WARREN,0.0,504.0,454.0,425.0,283.0
WAYNE,0.0,604389.0,706530.0,263742.0,264015.0
WEBSTER,0.0,0.0,100.0,200.0,0.0
WHEELER,0.0,0.0,52.0,85.0,305.0
WHITFIELD,245882.0,240295.0,259886.0,185549.0,193611.0
WILKES,135.0,101.0,354.0,0.0,979.0
WILKINSON,0.0,188.0,1065.0,554.0,714.0
WORTH,142.0,0.0,309.0,83892.0,120719.0
HAWAII,0.0,0.0,0.0,7999.0,10218.0
HONOLULU,408739.0,0.0,0.0,0.0,278241.0
KAUAI,2172.0,402.0,1623.0,1059.0,3017.0
MAUI & KALAWAO,0.0,0.0,0.0,0.0,6884.0
MAUI & KALWAO,0.0,824.0,0.0,0.0,0.0
ADA,1931.0,1948.0,5936.0,5156.0,4662.0
BANNOCK,573.0,690.0,3340.0,2423.0,3448.0
BEAR LAKE,230.0,165.0,409.0,543.0,646.0
BENEWAH,272.0,323.0,554.0,761.0,962.0
BINGHAM,769.0,899.0,1903.0,2673.0,3548.0
BLAINE,301.0,67.0,413.0,226.0,501.0
BOISE,295.0,144.0,654.0,377.0,497.0
BONNER,1576.0,1609.0,3587.0,0.0,5589.0
BONNEVILLE,448.0,685.0,1098.0,2823.0,1965.0
BOUNDARY,93.0,807.0,1142.0,970.0,1064.0
CAMAS,0.0,57.0,225.0,301.0,227.0
CANYON,2631.0,6737.0,20907.0,25161.0,31361.0
CARIBOU,44.0,180.0,366.0,1088.0,867.0
CASSIA,583.0,236.0,0.0,0.0,0.0
CLEARWATER,195.0,204.0,531.0,647.0,629.0
GEM,0.0,911.0,2735.0,3134.0,2622.0
GOODING,375.0,459.0,1250.0,831.0,556.0
IDAHO,589.0,718.0,1582.0,2253.0,1233.0
JEROME,1769.0,298.0,1094.0,891.0,0.0
KOOTENAI,1440.0,1102.0,2923.0,4905.0,4617.0
LATAH,805.0,973.0,1703.0,2677.0,1777.0
LEMHI,672.0,348.0,718.0,923.0,988.0
LEWIS,0.0,99.0,139.0,65.0,211.0
MINIDOKA,0.0,0.0,0.0,502.0,667.0
NEZ PERCE,525.0,377.0,1215.0,812.0,949.0
ONEIDA,323.0,340.0,800.0,303.0,1029.0
OWYHEE,719.0,687.0,937.0,807.0,740.0
PAYETTE,1157.0,887.0,2959.0,3833.0,1608.0
POWER,148.0,117.0,256.0,163.0,160.0
SHOSHONE,234.0,67.0,237.0,172.0,318.0
TETON,128.0,305.0,781.0,672.0,1493.0
TWIN FALLS,1108.0,982.0,1635.0,2742.0,0.0
VALLEY,45.0,196.0,213.0,83.0,430.0
ALEXANDER,94.0,33.0,100.0,313.0,175.0
BOND,597.0,1373.0,623.0,2106.0,1143.0
BROWN,159.0,139.0,135.0,111.0,1547.0
BUREAU,1706.0,13399.0,137434.0,21225.0,128277.0
CASS,0.0,65.0,273.0,271.0,0.0
CHAMPAIGN,3772.0,7429.0,8751.0,7381.0,6748.0
CHRISTIAN,241.0,804.0,509.0,497.0,1907.0
CLINTON,514945.0,0.0,0.0,0.0,0.0
COLES,629.0,1065.0,882.0,469.0,434.0
CUMBERLAND,331.0,450.0,763.0,606.0,301.0
DE WITT,536.0,1015.0,581.0,1247.0,922.0
DU PAGE,0.0,60.0,200.0,210.0,475.0
EDGAR,140.0,254.0,850.0,1080.0,2781.0
EDWARDS,137.0,122.0,381.0,298.0,334.0
FORD,0.0,371.0,975.0,1863.0,1787.0
GRUNDY,80.0,248.0,232.0,774.0,1035.0
HARDIN,0.0,84.0,156.0,150.0,890.0
HENDERSON,76.0,193.0,216.0,681.0,341.0
JERSEY,354.0,407.0,1587.0,1815.0,432.0
JO DAVIESS,417.0,1153.0,802.0,1099.0,1094.0
KANE,1952.0,3025.0,1240.0,3412.0,14839.0
KENDALL,1147.0,574.0,1156.0,966.0,793.0
KNOX,250.0,475.0,1242.0,684.0,1335.0
LA SALLE,762.0,1041.0,1702.0,1663.0,3222.0
LIVINGSTON,524.0,1030.0,3134.0,2435.0,3035.0
MACOUPIN,628.0,980.0,1036.0,2185.0,2357.0
MASON,106.0,41.0,503.0,421.0,321.0
MASSAC,64.0,209.0,249.0,409.0,176.0
MCDONOUGH,344.0,584.0,620.0,1336.0,0.0
MCHENRY,3000.0,2646.0,3290.0,4928.0,8311.0
MCLEAN,503.0,1594.0,1666.0,3281.0,2894.0
MENARD,285.0,220.0,616.0,412.0,366.0
MERCER,322.0,206.0,456.0,1158.0,541.0
MOULTRIE,1061.0,1209.0,5064.0,3499.0,1464.0
OGLE,0.0,0.0,0.0,2168.0,0.0
PEORIA,630.0,1217.0,1843.0,2263.0,2324.0
PIATT,177.0,615.0,456.0,1679.0,956.0
RICHLAND,286.0,485.0,924.0,521.0,1031.0
ROCK ISLAND,586.0,336.0,959.0,1330.0,1210.0
SANGAMON,1463.0,4562.0,2576.0,3894.0,1403.0
SCHUYLER,214.0,450.0,180.0,252.0,316.0
ST CLAIR,790.0,1312.0,1488.0,2637.0,4235.0
STARK,63.0,546.0,175.0,216.0,647.0
TAZEWELL,478.0,491.0,1150.0,2324.0,4189.0
VERMILION,504.0,613.0,1419.0,1276.0,973.0
WABASH,0.0,53.0,230.0,363.0,217.0
WHITESIDE,0.0,22774.0,0.0,108388.0,125022.0
WILL,1268.0,2025.0,3199.0,2196.0,7729.0
WILLIAMSON,298.0,890.0,0.0,0.0,0.0
WINNEBAGO,900.0,1336.0,2170.0,2339.0,3134.0
WOODFORD,0.0,0.0,0.0,0.0,3502.0
ALLEN,2405.0,0.0,46508.0,119720.0,63498.0
BARTHOLOMEW,193.0,640.0,1209.0,1071.0,1029.0
BLACKFORD,202.0,810.0,296.0,119.0,437.0
DAVIESS,1250.0,2185.0,6024.0,5977.0,3823.0
DEARBORN,506.0,777.0,1006.0,1086.0,769.0
DELAWARE,526.0,959.0,1377.0,1026.0,2533.0
DUBOIS,1371210.0,1029222.0,0.0,0.0,0.0
ELKHART,31357.0,112220.0,165071.0,460792.0,876309.0
FOUNTAIN,87.0,516.0,1045.0,637.0,304.0
GIBSON,364.0,968.0,1106.0,365.0,1623.0
HARRISON,0.0,0.0,2316.0,3357.0,2456.0
HENDRICKS,509.0,617.0,1086.0,4517.0,3392.0
HUNTINGTON,167944.0,172515.0,225836.0,657226.0,647493.0
JAY,2281639.0,2646411.0,2751524.0,5879710.0,9755139.0
LA PORTE,605.0,851.0,1045.0,1127.0,1779.0
LAGRANGE,38201.0,126726.0,370765.0,901594.0,1812022.0
MIAMI,490.0,1070.0,1154.0,1659.0,2204.0
NOBLE,3178.0,42268.0,0.0,199171.0,119480.0
OHIO,254.0,381.0,264.0,142.0,166.0
OWEN,578.0,953.0,1603.0,2597.0,1478.0
PARKE,2331.0,1335.0,4328.0,3620.0,59981.0
PORTER,332.0,318.0,759.0,2088.0,1540.0
POSEY,32.0,604.0,605.0,771.0,400.0
RIPLEY,969.0,915.0,1780.0,1857.0,2254.0
RUSH,345.0,646.0,924.0,614.0,858.0
SPENCER,0.0,6059.0,0.0,1312.0,1408.0
ST. JOSEPH,0.0,0.0,0.0,0.0,2623.0
STARKE,899.0,650.0,884.0,3422.0,306.0
STEUBEN,459.0,732.0,877.0,442.0,640.0
SULLIVAN,67.0,188.0,720.0,1349.0,293.0
SWITZERLAND,502.0,751.0,886.0,1782.0,1942.0
TIPPECANOE,1478.0,2546.0,3097.0,1617.0,1944.0
VANDERBURGH,132.0,126.0,0.0,396.0,374.0
VERMILLION,185.0,317.0,496.0,368.0,269.0
VIGO,1048.0,758.0,785.0,1049.0,925.0
WARRICK,99.0,310.0,442.0,809.0,981.0
WELLS,0.0,924421.0,352378.0,0.0,0.0
WHITLEY,0.0,0.0,0.0,2066.0,721.0
ALLAMAKEE,950.0,1853.0,0.0,21478.0,16153.0
APPANOOSE,295.0,0.0,791.0,1019.0,1837.0
AUDUBON,0.0,400.0,0.0,0.0,726.0
BLACK HAWK,674.0,1365.0,846.0,1092.0,1994.0
BREMER,0.0,925.0,1502.0,2061.0,2798.0
BUCHANAN,10118.0,6814.0,13015.0,19537.0,52349.0
CEDAR,715.0,1217.0,992.0,2289.0,1551.0
CERRO GORDO,0.0,0.0,638.0,718.0,1252.0
CHICKASAW,773.0,1046.0,1900.0,625.0,0.0
DAVIS,1505.0,19350.0,35172.0,158996.0,219992.0
DES MOINES,240.0,390.0,342.0,153.0,1289.0
DICKINSON,0.0,190.0,360.0,793.0,898.0
DUBUQUE,668.0,8340.0,1945.0,1991.0,2670.0
IDA,402.0,319.0,690.0,197.0,358.0
IOWA,1095.0,806.0,814.0,1437.0,1485.0
KEOKUK,454.0,0.0,377.0,0.0,736.0
KOSSUTH,2787.0,3635.0,2250.0,2986.0,3689.0
LINN,1218.0,1946.0,2373.0,2167.0,2777.0
LOUISA,217.0,981.0,578.0,943.0,376.0
LUCAS,484.0,669.0,582.0,1730.0,1218.0
MILLS,180.0,732.0,317.0,694.0,1299.0
MONONA,243.0,247.0,302.0,227.0,399.0
MUSCATINE,397.0,549.0,576.0,120657.0,988.0
O BRIEN,463427.0,0.0,0.0,0.0,0.0
PAGE,922.0,703.0,854.0,238.0,251.0
PALO ALTO,1631815.0,0.0,0.0,0.0,0.0
PLYMOUTH,690.0,1314.0,1427.0,1160.0,1035.0
POTTAWATTAMIE,906.0,1701.0,1879.0,1444.0,2458.0
RINGGOLD,1890.0,806.0,655.0,680.0,1076.0
SAC,0.0,212.0,526.0,1056.0,469.0
SIOUX,2287648.0,4490702.0,6223301.0,0.0,0.0
STORY,1910.0,3329.0,3418.0,3617.0,8958.0
TAMA,1293.0,11745.0,1356.0,781.0,1011.0
WAPELLO,405.0,574.0,433.0,967.0,972.0
WINNESHIEK,241266.0,426304.0,145124.0,161649.0,0.0
WOODBURY,901.0,845.0,1571.0,1697.0,1297.0
WRIGHT,0.0,0.0,6589779.0,9968233.0,5087043.0
ANDERSON,719.0,1698.0,2095.0,1526.0,1019.0
ATCHISON,1082.0,622.0,1335.0,823.0,1474.0
BARBER,90.0,183.0,131.0,432.0,189.0
BARTON,524.0,260.0,837.0,489.0,145.0
BOURBON,753.0,1326.0,1421.0,1319.0,1207.0
CHASE,311.0,222.0,409.0,62.0,72.0
CHAUTAUQUA,230.0,545.0,332.0,631.0,656.0
CLOUD,200.0,466.0,551.0,764.0,588.0
COFFEY,109.0,329.0,735.0,666.0,792.0
COMANCHE,0.0,117.0,119.0,32.0,72.0
COWLEY,1463.0,1511.0,1455.0,1171.0,21194.0
DONIPHAN,270.0,785.0,269.0,540.0,387.0
ELK,734.0,440.0,346.0,237.0,386.0
ELLIS,617.0,492.0,641.0,1026.0,761.0
ELLSWORTH,373.0,274.0,943.0,411.0,327.0
FINNEY,425.0,408.0,574.0,270.0,588.0
GEARY,118.0,163.0,546.0,325.0,1030.0
GOVE,448.0,142.0,203.0,267.0,236.0
GRAY,206.0,318.0,344.0,117.0,0.0
GREELEY,50.0,0.0,153.0,70.0,0.0
GREENWOOD,452.0,316.0,724.0,507.0,660.0
HARPER,99.0,1359.0,236.0,381.0,417.0
HARVEY,669.0,762.0,1073.0,3014.0,12058.0
HASKELL,81.0,269.0,0.0,0.0,30.0
HODGEMAN,294.0,983.0,190.0,142.0,240.0
JEWELL,403.0,227.0,156.0,780.0,831.0
KEARNY,160.0,361.0,332.0,577.0,601.0
KINGMAN,420.0,598.0,1007.0,476.0,685.0
LABETTE,556.0,1827.0,1944.0,1696.0,2187.0
LANE,137.0,66.0,0.0,116.0,48.0
LEAVENWORTH,1105.0,2102.0,3299.0,4424.0,3869.0
LYON,614.0,607.0,1440.0,1153.0,1363.0
MCPHERSON,0.0,877.0,2315.0,32964.0,131180.0
MEADE,201.0,95.0,94.0,140.0,382.0
MORRIS,374.0,452.0,613.0,599.0,669.0
MORTON,130.0,88.0,0.0,142.0,259.0
NEMAHA,745.0,1339.0,733.0,426.0,770.0
NEOSHO,355.0,633.0,1470.0,1444.0,1571.0
NESS,235.0,69.0,192.0,0.0,96.0
NORTON,283.0,427.0,296.0,316.0,598.0
OSAGE,655.0,2139.0,1402.0,1110.0,2190.0
OSBORNE,307.0,302.0,250.0,451.0,182.0
OTTAWA,650.0,595.0,798.0,524.0,628.0
PAWNEE,170.0,93.0,111.0,114.0,167.0
PRATT,122.0,229.0,424.0,403.0,301.0
RAWLINS,155.0,108.0,201.0,451.0,144.0
RENO,1241.0,2508.0,3684.0,3940.0,4058.0
REPUBLIC,357.0,537.0,478.0,211.0,251.0
RILEY,716.0,1807.0,3316.0,1234.0,1310.0
ROOKS,138.0,269.0,145.0,223.0,114.0
SEWARD,193.0,262.0,366.0,325.0,428.0
SHAWNEE,672.0,1025.0,1480.0,1769.0,3511.0
SHERIDAN,666.0,551.0,509.0,562.0,347.0
SHERMAN,378.0,270.0,418.0,645.0,532.0
SMITH,260.0,469.0,596.0,772.0,1101.0
STAFFORD,160.0,605.0,321.0,138.0,127.0
STANTON,36.0,39.0,64.0,0.0,0.0
STEVENS,115.0,290.0,148.0,260.0,476.0
SUMNER,787.0,1225.0,949.0,9309.0,2172.0
TREGO,107.0,148.0,618.0,0.0,118.0
WABAUNSEE,543.0,409.0,681.0,923.0,978.0
WALLACE,85.0,133.0,149.0,61.0,147.0
WICHITA,136.0,0.0,0.0,145.0,140.0
WILSON,615.0,619.0,616.0,384.0,530.0
WOODSON,330.0,154.0,236.0,386.0,489.0
WYANDOTTE,65.0,239.0,163.0,1048.0,898.0
ADAIR,902.0,1455.0,1649.0,2206.0,74150.0
BALLARD,0.0,0.0,0.0,60365.0,0.0
BARREN,807.0,13215.0,13234.0,1724.0,2881.0
BATH,379.0,697.0,2595.0,6302.0,1120.0
BELL,26.0,98.0,599.0,596.0,200.0
BOYD,116.0,165.0,482.0,755.0,848.0
BOYLE,534.0,824.0,1508.0,1526.0,929.0
BRACKEN,303.0,703.0,497.0,1125.0,1093.0
BREATHITT,201.0,192.0,232.0,422.0,506.0
BRECKINRIDGE,1850.0,4813.0,6673.0,4326.0,2736.0
BULLITT,388.0,1457.0,1380.0,2772.0,2234.0
CALDWELL,574.0,218.0,606.0,647.0,776.0
CALLOWAY,786.0,0.0,42370.0,0.0,899.0
CAMPBELL,428.0,1036.0,1565.0,3103.0,2441.0
CARLISLE,0.0,43284.0,54383.0,65367.0,0.0
CARTER,492.0,1460.0,1645.0,2640.0,2949.0
CASEY,932.0,1450.0,1771.0,70733.0,53823.0
EDMONSON,40582.0,46689.0,42782.0,116714.0,137265.0
ELLIOTT,185.0,331.0,548.0,1646.0,1179.0
ESTILL,202.0,459.0,790.0,1041.0,1744.0
FLEMING,261.0,676.0,1263.0,1660.0,1682.0
GALLATIN,220.0,569.0,435.0,766.0,828.0
GARRARD,1295.0,769.0,1429.0,1454.0,1068.0
GRAVES,235318.0,242910.0,256148.0,331557.0,0.0
GRAYSON,111791.0,156464.0,88688.0,81479.0,97882.0
GREEN,417.0,1364.0,913.0,2359.0,1369.0
GREENUP,572.0,541.0,1147.0,1732.0,1084.0
HARLAN,0.0,60.0,63.0,134.0,128.0
HICKMAN,70026.0,113016.0,0.0,0.0,0.0
HOPKINS,507.0,0.0,0.0,0.0,0.0
JESSAMINE,657.0,922.0,935.0,2762.0,3435.0
KENTON,1496.0,715.0,832.0,1316.0,1488.0
KNOTT,0.0,120.0,49.0,181.0,192.0
LARUE,546.0,1478.0,1442.0,1320.0,3505.0
LAUREL,278.0,1279.0,1929.0,1423.0,3071.0
LESLIE,0.0,100.0,80.0,231.0,502.0
LETCHER,230.0,223.0,184.0,1145.0,2466.0
MAGOFFIN,182.0,864.0,1220.0,909.0,581.0
MCCREARY,151.0,318.0,169.0,0.0,463.0
MENIFEE,108.0,336.0,811.0,626.0,376.0
METCALFE,332.0,838.0,1286.0,1184.0,0.0
NELSON,1119.0,6862.0,2735.0,4488.0,4273.0
NICHOLAS,412.0,813.0,2028.0,13397.0,33839.0
OLDHAM,630.0,669.0,1038.0,1934.0,2959.0
OWSLEY,62.0,304.0,224.0,618.0,256.0
PENDLETON,864.0,1090.0,1641.0,3096.0,3069.0
POWELL,169.0,139.0,723.0,961.0,573.0
ROBERTSON,192.0,352.0,434.0,468.0,426.0
ROCKCASTLE,1907.0,777.0,1323.0,1773.0,2483.0
ROWAN,249.0,304.0,779.0,418.0,780.0
SIMPSON,217.0,411.0,663.0,1030.0,819.0
TODD,0.0,2452404.0,0.0,2442026.0,2266614.0
TRIGG,750.0,1279.0,1712.0,10059.0,7157.0
TRIMBLE,218.0,812.0,1102.0,1397.0,1067.0
WOLFE,159.0,364.0,598.0,737.0,807.0
ACADIA,883.0,1125.0,1528.0,1886.0,1878.0
ASCENSION,302.0,211.0,845.0,3319.0,1457.0
ASSUMPTION,0.0,74.0,18.0,65.0,130.0
AVOYELLES,1094.0,1524.0,2812.0,2453.0,1755.0
BEAUREGARD,1696.0,1353.0,3030.0,2206.0,3535.0
BIENVILLE,120490.0,167144.0,188567.0,190309.0,0.0
BOSSIER,523.0,813.0,904.0,1765.0,1447.0
CADDO,629.0,1399.0,1942.0,5392.0,2265.0
CALCASIEU,690.0,856.0,2013.0,2581.0,5358.0
CAMERON,140.0,248.0,312.0,179.0,291.0
CATAHOULA,0.0,171.0,112.0,229.0,847.0
CLAIBORNE,104045.0,70804.0,0.0,0.0,127058.0
CONCORDIA,0.0,96.0,257.0,66.0,98.0
EAST BATON ROUGE,0.0,3020.0,1290.0,14286.0,7423.0
EAST CARROLL,0.0,106.0,136.0,301.0,188.0
EAST FELICIANA,237.0,262.0,758.0,1554.0,1564.0
EVANGELINE,511.0,1070.0,968.0,1004.0,811.0
IBERIA,430.0,406.0,788.0,1091.0,499.0
IBERVILLE,166.0,298.0,358.0,237.0,226.0
JEFFERSON DAVIS,170.0,429.0,1055.0,2083.0,1728.0
LAFOURCHE,462.0,955.0,1189.0,2001.0,1486.0
MOREHOUSE,90.0,289.0,410.0,425.0,340.0
NATCHITOCHES,97133.0,0.0,0.0,0.0,0.0
ORLEANS,0.0,0.0,0.0,0.0,699.0
PLAQUEMINES,84.0,110.0,137.0,125.0,1111.0
POINTE COUPEE,504.0,275.0,660.0,1097.0,842.0
RAPIDES,1257.0,1298.0,2962.0,2750.0,1509.0
RED RIVER,378.0,158.0,316.0,216.0,592.0
SABINE,0.0,82.0,0.0,1826.0,1098.0
SAINT BERNARD,0.0,0.0,144.0,0.0,164.0
SAINT CHARLES,0.0,0.0,0.0,409.0,238.0
SAINT HELENA,0.0,0.0,0.0,0.0,2224515.0
SAINT JAMES,0.0,0.0,87.0,90.0,195.0
SAINT LANDRY,981.0,1562.0,1630.0,2443.0,3571.0
SAINT MARTIN,82.0,794.0,974.0,1088.0,1438.0
SAINT MARY,280.0,134.0,254.0,332.0,278.0
SAINT TAMMANY,1212.0,1912.0,2338.0,11006.0,5073.0
ST. JOHN THE BAPTIST,0.0,138.0,153.0,0.0,0.0
TANGIPAHOA,2030.0,1901.0,2320.0,4889.0,4021.0
TENSAS,36.0,0.0,0.0,154.0,60.0
TERREBONNE,150.0,319.0,363.0,932.0,685.0
VERNON,858.0,1671.0,2421.0,2592.0,2092.0
WEST BATON ROUGE,42.0,123.0,0.0,65.0,252.0
WEST CARROLL,90.0,373.0,268.0,98.0,368.0
WEST FELICIANA,0.0,198.0,204.0,626.0,807.0
WINN,0.0,199318.0,327370.0,436374.0,382392.0
AROOSTOOK,1494.0,3612.0,3497.0,4306.0,4198.0
KENNEBEC,1832.0,0.0,0.0,5837.0,3792.0
OXFORD,2980.0,3378.0,2937.0,4042.0,24923.0
PENOBSCOT,2256.0,3198.0,3401.0,3814.0,4024.0
PISCATAQUIS,977.0,1203.0,717.0,1280.0,813.0
SAGADAHOC,660.0,1212.0,1406.0,2319.0,2693.0
SOMERSET,2081.0,1715.0,2693.0,2291.0,2245.0
WALDO,11450.0,1450.0,3750.0,6246.0,6685.0
YORK,2244.0,2726.0,3999.0,4510.0,0.0
ALLEGANY,212.0,1284.0,685.0,973.0,849.0
ANNE ARUNDEL,868.0,835.0,1133.0,2001.0,3800.0
BALTIMORE,1179.0,8887.0,5769.0,15891.0,8800.0
CALVERT,869.0,1142.0,1600.0,1556.0,2347.0
CAROLINE,2708.0,3946.0,1213.0,2608.0,2017.0
CHARLES,1654.0,1730.0,2902.0,13916.0,3430.0
DORCHESTER,0.0,396.0,285.0,864.0,226.0
FREDERICK,0.0,0.0,50075.0,71018.0,67900.0
GARRETT,2195.0,2774.0,4965.0,6505.0,3653.0
HARFORD,1864.0,1691.0,14767.0,27363.0,5167.0
PRINCE GEORGES,962.0,1475.0,2885.0,3840.0,2923.0
QUEEN ANNES,326.0,1561.0,1360.0,1621.0,3283.0
ST MARYS,2988.0,6226.0,5882.0,7013.0,6229.0
WICOMICO,123621.0,27976.0,752.0,851.0,655.0
WORCESTER,0.0,0.0,0.0,25379.0,0.0
BARNSTABLE,1059.0,1520.0,2651.0,2623.0,4076.0
BERKSHIRE,25690.0,3087.0,4424.0,6125.0,8424.0
BRISTOL,7004.0,8542.0,7362.0,5428.0,10188.0
DUKES,703.0,0.0,2265.0,2502.0,1450.0
ESSEX,3353.0,4305.0,4397.0,3503.0,5742.0
HAMPDEN,0.0,3273.0,4119.0,3909.0,4993.0
HAMPSHIRE,1422.0,2893.0,6398.0,7098.0,7409.0
NANTUCKET,0.0,0.0,0.0,0.0,156.0
NORFOLK,3728.0,1490.0,1737.0,1861.0,2659.0
SUFFOLK,0.0,0.0,0.0,0.0,30.0
ALCONA,676.0,635.0,561.0,988.0,766.0
ALGER,247.0,515.0,631.0,949.0,0.0
ALLEGAN,2143904.0,3055347.0,4959754.0,6155985.0,6495609.0
ALPENA,1137.0,1534.0,1746.0,3795.0,3263.0
ANTRIM,1093.0,1373.0,1288.0,3172.0,2520.0
ARENAC,431.0,869.0,784.0,524.0,576.0
BARAGA,237.0,0.0,0.0,830.0,562.0
BARRY,1059.0,2893.0,3747.0,5319.0,4306.0
BENZIE,586.0,1009.0,1285.0,1240.0,689.0
BRANCH,534.0,2024.0,2508.0,3282.0,2462.0
CHARLEVOIX,508.0,1291.0,870.0,1519.0,2025.0
CHEBOYGAN,708.0,1578.0,1492.0,2763.0,1829.0
CHIPPEWA,879.0,1044.0,1260.0,2681.0,2044.0
CLARE,1330.0,2189.0,3533.0,1809.0,2439.0
EATON,4297.0,3444.0,4464.0,5737.0,3543.0
EMMET,966.0,902.0,1774.0,2878.0,6479.0
GENESEE,3670.0,3103.0,2920.0,3508.0,6106.0
GLADWIN,2106.0,3002.0,2063.0,2492.0,2023.0
GOGEBIC,94.0,180.0,371.0,415.0,308.0
GRAND TRAVERSE,568.0,1349.0,1823.0,2267.0,2541.0
GRATIOT,1135.0,1601.0,1056.0,1646.0,1291.0
HILLSDALE,0.0,3736.0,4282.0,2645.0,4898.0
HOUGHTON,247.0,593.0,1226.0,1119.0,1105.0
INGHAM,9775.0,3175.0,12125.0,17389.0,25692.0
IOSCO,735.0,1214.0,1243.0,950.0,1115.0
IRON,480.0,243.0,592.0,1174.0,388.0
ISABELLA,715.0,2037.0,1893.0,2788.0,2068.0
KALAMAZOO,339023.0,2870.0,2366.0,1995.0,2622.0
KALKASKA,743.0,1334.0,1049.0,4308.0,1201.0
LAPEER,2855.0,5342.0,3740.0,7409.0,6882.0
LEELANAU,445.0,1340.0,1486.0,1764.0,2549.0
LENAWEE,10659.0,1868.0,2584.0,3386.0,4753.0
LUCE,0.0,110.0,189.0,478.0,649.0
MACKINAC,237.0,411.0,903.0,297.0,428.0
MACOMB,1288.0,1832.0,2531.0,2668.0,2860.0
MANISTEE,1655.0,3852.0,1263.0,2985.0,11495.0
MARQUETTE,577.0,1149.0,1395.0,5157.0,4368.0
MECOSTA,3296.0,5709.0,4888.0,7804.0,6267.0
MENOMINEE,810.0,1151.0,1683.0,2042.0,919.0
MIDLAND,911.0,1639.0,1692.0,8301.0,3059.0
MISSAUKEE,453.0,1727.0,1829.0,5070.0,5541.0
MONTCALM,1233.0,5921.0,8686.0,10652.0,7769.0
MONTMORENCY,219.0,623.0,801.0,882.0,608.0
MUSKEGON,1028.0,1593.0,4395.0,6221.0,26448.0
NEWAYGO,1940.0,2790.0,3296.0,3446.0,4866.0
OAKLAND,2095.0,1675.0,4462.0,3315.0,4445.0
OCEANA,1472.0,4004.0,8727.0,1504.0,1985.0
OGEMAW,220.0,541.0,503.0,1397.0,1062.0
ONTONAGON,56.0,99.0,214.0,201.0,125.0
OSCODA,1165.0,1122.0,1776.0,1064.0,802.0
OTSEGO,296.0,786.0,1221.0,1830.0,1285.0
PRESQUE ISLE,1007.0,888.0,1995.0,842.0,1204.0
ROSCOMMON,174.0,98.0,163.0,738.0,84.0
SAGINAW,1308.0,2222.0,2629.0,2091.0,3105.0
SANILAC,3056.0,3456.0,4135.0,4753.0,3913.0
SCHOOLCRAFT,57.0,576.0,0.0,0.0,0.0
SHIAWASSEE,3313.0,2717.0,2143.0,2629.0,4446.0
ST JOSEPH,36455.0,3552.0,6660.0,6595.0,49771.0
TUSCOLA,0.0,0.0,0.0,4420.0,4258.0
WASHTENAW,4556.0,4246.0,5786.0,11486.0,11433.0
WEXFORD,640.0,1392.0,2097.0,1296.0,1599.0
AITKIN,0.0,1090.0,1366.0,2375.0,1681.0
ANOKA,560.0,859.0,1869.0,1172.0,1883.0
BECKER,0.0,0.0,0.0,1958.0,1156.0
BELTRAMI,1054.0,1963.0,3032.0,3672.0,1469.0
BIG STONE,310.0,175.0,293.0,388.0,273.0
BLUE EARTH,0.0,0.0,1066.0,541472.0,0.0
CARLTON,1778.0,773.0,1424.0,4912.0,3822.0
CARVER,627.0,1325.0,1534.0,1248.0,1809.0
CHISAGO,1766.0,2346.0,1663.0,4202.0,4324.0
COTTONWOOD,0.0,804.0,600.0,605.0,805.0
CROW WING,1148.0,1030.0,1400.0,1129.0,919.0
DAKOTA,1110.0,2110.0,5068.0,2645.0,7046.0
FARIBAULT,210.0,840.0,195.0,531.0,785.0
FILLMORE,0.0,7731.0,6506.0,8312.0,18326.0
FREEBORN,354.0,2231.0,1191.0,1374.0,1417.0
GOODHUE,1836.0,2729.0,2860.0,4368.0,11070.0
HENNEPIN,729.0,827.0,1428.0,1018.0,2556.0
HUBBARD,881.0,510.0,1439.0,1589.0,756.0
ISANTI,1969.0,2463.0,1474.0,2303.0,4592.0
ITASCA,1532.0,1383.0,1360.0,2377.0,2312.0
KANABEC,1354.0,1493.0,2324.0,13862.0,29040.0
KANDIYOHI,675.0,1823.0,1310.0,1275.0,1746.0
KITTSON,211.0,215.0,435.0,150.0,138.0
KOOCHICHING,728.0,476.0,451.0,482.0,1210.0
LAC QUI PARLE,0.0,651.0,251.0,323.0,281.0
LAKE OF THE WOODS,700.0,733.0,630.0,310.0,412.0
LE SUEUR,818.0,1604.0,1959.0,3762.0,1489.0
MAHNOMEN,53.0,400.0,291.0,453.0,386.0
MCLEOD,0.0,1719.0,2385.0,2899.0,3374.0
MEEKER,0.0,0.0,0.0,0.0,5700533.0
MILLE LACS,0.0,0.0,0.0,2874.0,362928.0
MORRISON,1151126.0,837945.0,922732.0,240598.0,312324.0
MOWER,0.0,804.0,0.0,2294.0,2624.0
NICOLLET,0.0,0.0,0.0,0.0,1978554.0
NOBLES,944.0,598.0,1090.0,835.0,1585.0
NORMAN,0.0,135.0,443.0,477.0,387.0
OLMSTED,917.0,1477.0,1591.0,2185.0,1977.0
OTTER TAIL,3071.0,3372.0,4023.0,3960.0,4145.0
PENNINGTON,270.0,186.0,376.0,382.0,238.0
PINE,0.0,0.0,0.0,0.0,2845.0
PIPESTONE,932.0,1031.0,1688.0,1264.0,517.0
RAMSEY,0.0,0.0,0.0,9.0,0.0
RED LAKE,1028.0,64.0,76.0,126.0,85.0
REDWOOD,574.0,396.0,382.0,4107.0,852.0
RENVILLE,0.0,0.0,662.0,0.0,930.0
RICE,1013.0,3934.0,12449.0,4558.0,5350.0
ROCK,447.0,996.0,1757.0,707.0,523.0
ROSEAU,268.0,475.0,727.0,620.0,1076.0
SIBLEY,0.0,2567002.0,2394958.0,0.0,0.0
ST. LOUIS,2812.0,3810.0,2758.0,4777.0,6331.0
STEARNS,1040315.0,1199737.0,1109117.0,1033055.0,897819.0
STEELE,0.0,3942.0,1514.0,986.0,588.0
SWIFT,191.0,626.0,821.0,633.0,459.0
TRAVERSE,0.0,200.0,522.0,176.0,0.0
WABASHA,0.0,0.0,2655.0,1630.0,1886.0
WADENA,818.0,1440.0,1560.0,2562.0,3421.0
WASECA,308.0,784.0,716.0,782.0,1087.0
WATONWAN,355.0,309.0,354.0,244.0,1426.0
WILKIN,0.0,296.0,632.0,498.0,341.0
WINONA,1386.0,17377.0,51997.0,6274.0,12886.0
YELLOW MEDICINE,1135.0,432.0,584.0,659.0,664.0
ALCORN,423.0,616.0,0.0,0.0,115456.0
AMITE,0.0,0.0,0.0,844.0,1198.0
ATTALA,436.0,648.0,431.0,803.0,781.0
BOLIVAR,45.0,0.0,0.0,72.0,0.0
COAHOMA,0.0,0.0,0.0,0.0,20.0
COPIAH,433.0,422.0,449.0,897.0,1532.0
FORREST,0.0,565.0,860.0,1032.0,1484.0
GEORGE,1555.0,5079.0,1145.0,2557.0,2188.0
GRENADA,947.0,251.0,146.0,851.0,574.0
HUMPHREYS,84.0,0.0,0.0,12.0,0.0
ITAWAMBA,411.0,136.0,293.0,378.0,775.0
KEMPER,199806.0,229950.0,130904.0,107740.0,0.0
LEAKE,171539.0,171264.0,327815.0,197707.0,0.0
LEFLORE,90.0,0.0,0.0,274.0,392.0
NESHOBA,120490.0,390138.0,239243.0,328196.0,139947.0
NOXUBEE,71500.0,98280.0,190366.0,210390.0,238178.0
OKTIBBEHA,1879.0,1080.0,1270.0,1034.0,627.0
PANOLA,76.0,580.0,702.0,554.0,589.0
PEARL RIVER,2463.0,1437.0,2713.0,4874.0,4629.0
PONTOTOC,514.0,1549.0,1550.0,1975.0,4486.0
PRENTISS,148.0,832.0,578.0,264.0,794.0
RANKIN,124289.0,80914.0,102063.0,59292.0,135109.0
SHARKEY,6.0,0.0,21.0,18.0,0.0
SUNFLOWER,0.0,0.0,656.0,369.0,276.0
TALLAHATCHIE,30.0,131.0,127.0,194.0,243.0
TATE,546.0,746.0,2589.0,1450.0,1380.0
TIPPAH,1320.0,1518.0,2809.0,655.0,755.0
TISHOMINGO,430.0,153.0,570.0,337.0,0.0
TUNICA,0.0,0.0,0.0,75.0,0.0
WALTHALL,92247.0,82607.0,159038.0,112587.0,92068.0
YALOBUSHA,600.0,216.0,520.0,957.0,1657.0
YAZOO,439.0,234.0,118.0,208.0,1338.0
ANDREW,836.0,1057.0,876.0,2786.0,910.0
AUDRAIN,0.0,3167.0,3963.0,161505.0,185693.0
BATES,1361.0,1895.0,2150.0,2254.0,1987.0
BOLLINGER,878.0,531.0,990.0,987.0,1663.0
CALLAWAY,2278.0,2295.0,3401.0,2173.0,2606.0
CAPE GIRARDEAU,739.0,1210.0,1321.0,8658.0,2468.0
CHARITON,282.0,444.0,855.0,449.0,653.0
COLE,1149.0,1388.0,2286.0,1928.0,1932.0
COOPER,0.0,55636.0,58948.0,285492.0,228164.0
DENT,1091.0,1139.0,1762.0,2992.0,1177.0
DUNKLIN,0.0,105.0,126.0,173.0,171.0
GASCONADE,657.0,888.0,1879.0,1392.0,1535.0
GENTRY,637.0,3769.0,1815.0,6373.0,7152.0
HICKORY,494.0,636.0,777.0,979.0,12049.0
HOLT,348.0,514.0,165.0,167.0,81.0
HOWELL,1945.0,1954.0,2756.0,23209.0,77647.0
LACLEDE,2941.0,1971.0,3022.0,2944.0,22768.0
MARIES,3117.0,6083.0,5510.0,4555.0,2603.0
MCDONALD,215263.0,114458.0,302539.0,309598.0,255017.0
MONITEAU,0.0,0.0,22272.0,0.0,40449.0
NODAWAY,752.0,1201.0,1033.0,1193.0,3880.0
OREGON,999.0,1083.0,1228.0,2249.0,23016.0
OZARK,703.0,957.0,1141.0,1588.0,1410.0
PEMISCOT,0.0,0.0,0.0,0.0,280.0
PETTIS,251966.0,243867.0,230560.0,883598.0,626070.0
PHELPS,1099.0,1582.0,1380.0,2007.0,2677.0
PLATTE,1216.0,1026.0,675.0,1448.0,1111.0
RALLS,201.0,642.0,533.0,1168.0,770.0
RAY,1595.0,2328.0,2070.0,3115.0,1972.0
REYNOLDS,476.0,766.0,724.0,1354.0,2693.0
SCOTLAND,807.0,1386.0,845.0,132190.0,79662.0
SHANNON,893.0,963.0,916.0,1215.0,1134.0
ST CHARLES,633.0,1411.0,1581.0,1492.0,1610.0
ST FRANCOIS,161111.0,0.0,0.0,2375.0,2258.0
ST LOUIS,65.0,123.0,124.0,605.0,1435.0
STE GENEVIEVE,0.0,1795.0,1623.0,1520.0,2440.0
STODDARD,0.0,0.0,927.0,0.0,0.0
TANEY,651.0,876.0,1993.0,1194.0,1352.0
TEXAS,2449.0,1991.0,2517.0,4240.0,22621.0
BEAVERHEAD,295.0,408.0,494.0,773.0,218.0
BIG HORN,267.0,521.0,452.0,395.0,541.0
BROADWATER,498.0,575.0,449.0,820.0,948.0
CARBON,456.0,679.0,1275.0,1680.0,1166.0
CASCADE,40178.0,51828.0,48717.0,76469.0,94282.0
CHOUTEAU,0.0,0.0,0.0,93291.0,0.0
DANIELS,0.0,67.0,36.0,110.0,84.0
DEER LODGE,0.0,64.0,0.0,29.0,99.0
FALLON,552.0,297.0,460.0,539.0,309.0
FERGUS,2364.0,1030.0,1540.0,1592.0,1597.0
FLATHEAD,1876.0,1780.0,2576.0,5334.0,3076.0
GLACIER,37617.0,35583.0,116293.0,172403.0,238979.0
GRANITE,396.0,202.0,320.0,174.0,96.0
HILL,0.0,15089.0,0.0,0.0,105299.0
JUDITH BASIN,0.0,0.0,2238.0,594.0,250.0
MCCONE,282.0,495.0,389.0,424.0,377.0
MEAGHER,0.0,0.0,0.0,98.0,254.0
MINERAL,39.0,220.0,34.0,192.0,195.0
MISSOULA,493.0,1493.0,12155.0,2087.0,1809.0
MUSSELSHELL,487.0,619.0,867.0,980.0,592.0
PETROLEUM,0.0,0.0,79.0,0.0,26.0
PONDERA,46375.0,35256.0,35032.0,115236.0,205250.0
POWDER RIVER,228.0,332.0,236.0,538.0,661.0
RAVALLI,1706.0,2644.0,4219.0,6031.0,7849.0
ROOSEVELT,280.0,407.0,414.0,349.0,367.0
ROSEBUD,344.0,248.0,402.0,697.0,407.0
SANDERS,742.0,1002.0,2982.0,5335.0,6028.0
SILVER BOW,68.0,135.0,150.0,229.0,289.0
STILLWATER,949.0,899.0,1203.0,896.0,715.0
SWEET GRASS,561.0,715.0,757.0,289.0,342.0
TOOLE,27176.0,23989.0,23180.0,26229.0,121328.0
TREASURE,95.0,0.0,86.0,82.0,67.0
WHEATLAND,28755.0,31502.0,27645.0,248.0,176.0
WIBAUX,470.0,209.0,180.0,254.0,153.0
YELLOWSTONE,0.0,12623.0,0.0,20552.0,20326.0
ANTELOPE,636.0,608.0,874.0,652.0,1406.0
ARTHUR,0.0,0.0,203.0,72.0,0.0
BANNER,106.0,1656.0,98.0,523.0,225.0
BOX BUTTE,392.0,316.0,1084.0,631.0,518.0
BUFFALO,768.0,713.0,1227.0,1710.0,110415.0
BURT,1027.0,509.0,472.0,733.0,909.0
CHERRY,246.0,243.0,751.0,605.0,539.0
COLFAX,0.0,1282.0,686.0,325.0,532.0
CUMING,788.0,1014.0,1458.0,1112.0,101247.0
DAWES,431.0,1092.0,1397.0,777.0,1254.0
DEUEL,0.0,229.0,1296.0,384.0,326.0
DUNDY,106.0,88.0,0.0,955.0,290.0
FRONTIER,398.0,473.0,708.0,552.0,329.0
FURNAS,95.0,294.0,279.0,306.0,274.0
GAGE,0.0,0.0,0.0,1443351.0,0.0
GARDEN,240.0,261.0,225.0,157.0,199.0
GOSPER,70.0,199.0,401.0,272.0,96.0
HAYES,170.0,34.0,0.0,81.0,62.0
HITCHCOCK,291.0,286.0,343.0,210.0,205.0
HOOKER,0.0,80.0,56.0,0.0,30.0
KEARNEY,485.0,537.0,213.0,131.0,810.0
KEITH,259.0,325.0,191.0,71.0,260.0
KEYA PAHA,150.0,481.0,312.0,207.0,106.0
KIMBALL,90.0,280.0,445.0,558.0,423.0
LANCASTER,3740.0,3122.0,9130.0,8365.0,5570.0
LOUP,44.0,70.0,218.0,63.0,146.0
MERRICK,339.0,471.0,563.0,1047.0,404.0
MORRILL,372.0,501.0,849.0,613.0,446.0
NANCE,563.0,103.0,349.0,462.0,190.0
NUCKOLLS,267.0,296.0,231.0,501.0,400.0
OTOE,469.0,989.0,2407.0,1601.0,1876.0
PERKINS,434.0,217.0,172.0,784.0,383.0
RED WILLOW,217.0,450.0,572.0,646.0,611.0
RICHARDSON,911.0,640.0,897.0,484.0,524.0
SARPY,665.0,633.0,562.0,1310.0,1219.0
SAUNDERS,0.0,0.0,5157.0,2768.0,2089.0
SCOTTS BLUFF,452.0,1113.0,2140.0,1259.0,1531.0
THAYER,115.0,200.0,590.0,398.0,497.0
THURSTON,1257.0,187.0,367.0,246.0,373.0
CARSON CITY,0.0,58.0,0.0,36.0,30.0
CHURCHILL,657.0,884.0,3770.0,2334.0,1618.0
ELKO,558.0,795.0,3011.0,1132.0,1245.0
ESMERALDA,0.0,0.0,120.0,0.0,38.0
EUREKA,0.0,0.0,57.0,225.0,185.0
LANDER,141.0,247.0,297.0,544.0,99.0
NYE,294.0,468.0,1466.0,4416.0,4934.0
PERSHING,259.0,194.0,265.0,514.0,533.0
WASHOE,431.0,829.0,4231.0,1751.0,1367.0
WHITE PINE,131.0,34.0,340.0,521.0,843.0
BELKNAP,1601.0,2417.0,3834.0,5483.0,2574.0
CHESHIRE,0.0,0.0,0.0,6774.0,9218.0
COOS,453.0,979.0,1661.0,2298.0,1514.0
MERRIMACK,5598.0,4476.0,4684.0,5588.0,8483.0
ROCKINGHAM,4824.0,3620.0,0.0,5728.0,0.0
STRAFFORD,3998.0,1885.0,3362.0,3431.0,3228.0
ATLANTIC,1272.0,1497.0,1751.0,2398.0,3684.0
BERGEN,3082.0,3885.0,2877.0,814.0,662.0
BURLINGTON,6037.0,3223.0,3533.0,8228.0,12569.0
CAPE MAY,863.0,1067.0,582.0,615.0,783.0
GLOUCESTER,1090.0,2507.0,2005.0,1809.0,6323.0
HUNTERDON,5382.0,7849.0,8194.0,11202.0,18182.0
MONMOUTH,0.0,0.0,0.0,71258.0,65226.0
OCEAN,1238.0,1750.0,821.0,1465.0,2321.0
PASSAIC,384.0,653.0,1250.0,2953.0,3595.0
BERNALILLO,0.0,2949.0,2273.0,7954.0,6577.0
CATRON,321.0,113.0,508.0,572.0,609.0
CHAVES,1181.0,825.0,793.0,1459.0,1330.0
CIBOLA,96.0,405.0,224.0,1750.0,1129.0
CURRY,339.0,239.0,297.0,2336.0,697.0
DE BACA,196.0,73.0,122.0,288.0,481.0
DONA ANA,0.0,0.0,1660.0,3436.0,5989.0
EDDY,549.0,557.0,412.0,863.0,614.0
GUADALUPE,414.0,508.0,161.0,377.0,214.0
HARDING,99.0,181.0,340.0,80.0,278.0
HIDALGO,96.0,135.0,170.0,154.0,344.0
LEA,372.0,1010.0,407.0,1352.0,1688.0
LUNA,0.0,365.0,249.0,463.0,583.0
MCKINLEY,1346.0,1984.0,875.0,1513.0,1824.0
MORA,504.0,822.0,208.0,1517.0,702.0
QUAY,537.0,420.0,325.0,1101.0,899.0
RIO ARRIBA,5836.0,3040.0,0.0,6184.0,3368.0
SAN JUAN,1935.0,2675.0,2607.0,5146.0,5421.0
SANDOVAL,1003.0,1885.0,840.0,2425.0,2596.0
SANTA FE,2170.0,2300.0,1790.0,2474.0,3352.0
SOCORRO,698.0,1009.0,2113.0,782.0,888.0
TAOS,979.0,818.0,1708.0,3002.0,1513.0
TORRANCE,797.0,1316.0,529.0,1067.0,1535.0
VALENCIA,1822.0,1610.0,2350.0,5666.0,5728.0
ALBANY,1197.0,2807.0,3198.0,3557.0,3733.0
BROOME,948.0,2795.0,2978.0,3025.0,2915.0
CATTARAUGUS,2242.0,3987.0,3071.0,3539.0,4012.0
CAYUGA,102674.0,92051.0,50267.0,34492.0,49801.0
CHEMUNG,2121.0,900.0,1105.0,1114.0,1994.0
CHENANGO,1512.0,3175.0,8951.0,5453.0,4545.0
CORTLAND,1423.0,766.0,2047.0,1710.0,1124.0
DUTCHESS,1901.0,7145.0,6119.0,4542.0,6865.0
HERKIMER,2675.0,4995.0,3730.0,10079.0,16854.0
NEW YORK,0.0,0.0,0.0,36.0,109.0
NIAGARA,0.0,0.0,44929.0,4067.0,4234.0
ONONDAGA,0.0,0.0,434176.0,703150.0,0.0
ONTARIO,0.0,0.0,3594.0,40723.0,22596.0
OSWEGO,770.0,1776.0,1938.0,2607.0,3420.0
QUEENS,0.0,0.0,410.0,550.0,600.0
RENSSELAER,3693.0,12571.0,5566.0,6252.0,10635.0
ROCKLAND,930.0,0.0,0.0,359.0,116.0
SARATOGA,0.0,0.0,416647.0,0.0,0.0
SCHENECTADY,0.0,445.0,387.0,665.0,753.0
SCHOHARIE,1369.0,2071.0,4445.0,5965.0,3835.0
SENECA,1245.0,19687.0,63518.0,68095.0,0.0
ST LAWRENCE,4782.0,5036.0,6489.0,7038.0,5319.0
TIOGA,2051.0,2753.0,3502.0,2317.0,2876.0
TOMPKINS,0.0,3525.0,2846.0,2724.0,2117.0
ULSTER,5044.0,7393.0,5623.0,4855.0,4461.0
WESTCHESTER,434.0,721.0,1859.0,4134.0,2380.0
WYOMING,0.0,1379.0,2164.0,2485.0,3807.0
YATES,3371.0,5440.0,13297.0,82637.0,221353.0
ALAMANCE,233598.0,386208.0,140617.0,370579.0,259801.0
ALLEGHANY,238.0,173.0,668.0,800.0,493.0
ANSON,144177.0,165111.0,272448.0,305080.0,347344.0
ASHE,1282.0,2019.0,2526.0,1333.0,1948.0
AVERY,175.0,154.0,700.0,666.0,1014.0
BEAUFORT,202.0,422.0,686.0,665.0,1035.0
BERTIE,315.0,485.0,105.0,0.0,0.0
BLADEN,392.0,0.0,0.0,0.0,0.0
BRUNSWICK,453.0,1579.0,1298.0,1758.0,1769.0
BUNCOMBE,2704.0,6562.0,8015.0,15863.0,5001.0
CABARRUS,0.0,1252.0,0.0,0.0,0.0
CARTERET,399.0,916.0,1172.0,1079.0,445.0
CASWELL,183213.0,200438.0,242715.0,245815.0,223686.0
CATAWBA,0.0,51903.0,69547.0,69831.0,82887.0
CHOWAN,58.0,698.0,440.0,0.0,118.0
COLUMBUS,460.0,1188.0,2188.0,1606.0,1486.0
CRAVEN,413.0,779.0,529.0,887.0,1674.0
CURRITUCK,127.0,320.0,152.0,307.0,904.0
DARE,0.0,0.0,0.0,0.0,89.0
DAVIDSON,0.0,0.0,95769.0,118545.0,236940.0
DAVIE,84603.0,67921.0,93218.0,138563.0,0.0
DUPLIN,170967.0,330278.0,397595.0,424677.0,910329.0
DURHAM,442.0,815.0,2155.0,3661.0,2659.0
EDGECOMBE,54333.0,38848.0,0.0,97221.0,0.0
GASTON,251.0,1112.0,16836.0,1809.0,1601.0
GATES,1001.0,287.0,440.0,0.0,0.0
GRANVILLE,3178.0,1073.0,1191.0,3031.0,1911.0
GUILFORD,116681.0,97480.0,306500.0,304100.0,0.0
HALIFAX,104394.0,94300.0,0.0,89256.0,200250.0
HARNETT,902.0,947.0,1414.0,2468.0,2775.0
HAYWOOD,1043.0,817.0,1372.0,1835.0,2378.0
HERTFORD,0.0,0.0,27.0,0.0,0.0
HOKE,166.0,482.0,209.0,0.0,734.0
IREDELL,1003672.0,714859.0,1003508.0,526910.0,291759.0
JOHNSTON,68129.0,54568.0,25792.0,0.0,2832.0
LENOIR,0.0,49555.0,102884.0,120701.0,90522.0
MCDOWELL,93908.0,78885.0,69635.0,15904.0,0.0
MECKLENBURG,783.0,304.0,637.0,1130.0,942.0
MOORE,0.0,21363.0,27698.0,33235.0,37980.0
NASH,595987.0,561031.0,305765.0,283502.0,0.0
NEW HANOVER,0.0,0.0,103.0,234.0,397.0
NORTHAMPTON,0.0,0.0,321.0,0.0,1098.0
ONSLOW,276.0,1045.0,568.0,3194.0,2505.0
PAMLICO,68.0,272.0,609.0,360.0,174.0
PASQUOTANK,219.0,80.0,156.0,252.0,136.0
PENDER,183.0,807.0,133663.0,0.0,180810.0
PERQUIMANS,103.0,232.0,188.0,113.0,42.0
PERSON,950.0,692.0,651.0,1149.0,1475.0
PITT,455.0,781.0,449.0,1015.0,1180.0
ROBESON,1266.0,1468.0,1718.0,1847.0,1480.0
RUTHERFORD,932.0,1124.0,2017.0,61072.0,94280.0
SAMPSON,290715.0,418948.0,259994.0,313787.0,456007.0
STANLY,286451.0,226709.0,0.0,0.0,1265.0
STOKES,125091.0,148656.0,260207.0,112398.0,92413.0
SURRY,529155.0,369285.0,582734.0,611337.0,767749.0
SWAIN,0.0,97.0,429.0,278.0,219.0
TRANSYLVANIA,223.0,877.0,1616.0,1103.0,1269.0
TYRRELL,650.0,219.0,330.0,0.0,0.0
VANCE,224.0,614.0,287.0,1196.0,1021.0
WAKE,17318.0,24534.0,2935.0,8648.0,5171.0
WATAUGA,256.0,588.0,1502.0,2617.0,1462.0
YADKIN,1131119.0,1433918.0,1001321.0,1694328.0,1747457.0
YANCEY,662.0,705.0,1027.0,671.0,1714.0
BARNES,273.0,386.0,619.0,357.0,420.0
BENSON,0.0,575.0,414.0,240.0,195.0
BILLINGS,39.0,154.0,243.0,226.0,254.0
BOTTINEAU,260.0,335.0,468.0,146.0,486.0
BOWMAN,164.0,69.0,296.0,153.0,112.0
BURLEIGH,1393.0,0.0,0.0,0.0,1045.0
CAVALIER,0.0,0.0,671.0,88.0,135.0
DICKEY,498.0,131.0,463.0,712.0,483.0
DIVIDE,96.0,270.0,125.0,277.0,112.0
DUNN,398.0,317.0,661.0,437.0,258.0
EMMONS,589.0,693.0,108.0,97.0,184.0
FOSTER,0.0,139.0,56.0,259.0,0.0
GOLDEN VALLEY,0.0,0.0,223.0,653.0,404.0
GRIGGS,208.0,330.0,600.0,516.0,725.0
HETTINGER,0.0,156.0,439.0,444.0,224.0
KIDDER,291.0,309.0,385.0,523.0,422.0
LA MOURE,0.0,291.0,74.0,872.0,833.0
MCKENZIE,564.0,0.0,185.0,344.0,688.0
MOUNTRAIL,95.0,72.0,204.0,125.0,449.0
OLIVER,555.0,573.0,456.0,255.0,475.0
PEMBINA,0.0,424.0,188.0,78.0,148.0
RANSOM,96.0,256.0,401.0,939.0,260.0
ROLETTE,190.0,254.0,0.0,373.0,109.0
SARGENT,85.0,0.0,159.0,92.0,0.0
SLOPE,240.0,210.0,340.0,65.0,69.0
STUTSMAN,336.0,347.0,765.0,759.0,366.0
TOWNER,110.0,260.0,73.0,170.0,44.0
TRAILL,0.0,223.0,134.0,176.0,409.0
WALSH,0.0,571.0,337.0,292.0,217.0
WARD,353.0,736.0,1012.0,544.0,717.0
WILLIAMS,226.0,364.0,239.0,414.0,329.0
ASHLAND,24450.0,69349.0,99016.0,346862.0,260479.0
ASHTABULA,2584.0,3783.0,5081.0,5615.0,7238.0
ATHENS,1640.0,2113.0,2388.0,2761.0,1926.0
AUGLAIZE,576833.0,670918.0,0.0,0.0,0.0
BELMONT,1152.0,1438.0,1950.0,3319.0,2435.0
CLERMONT,1639.0,2523.0,4131.0,7262.0,5272.0
COLUMBIANA,3727.0,2955.0,39481.0,24143.0,27176.0
COSHOCTON,14212.0,102524.0,0.0,75661.0,68271.0
CUYAHOGA,3456.0,868.0,757.0,519.0,848.0
DARKE,8022453.0,8381549.0,8800904.0,5184982.0,8610584.0
DEFIANCE,856.0,484.0,1745.0,947.0,0.0
ERIE,388.0,836.0,970.0,877.0,718.0
GALLIA,998.0,1953.0,2199.0,16355.0,40744.0
GEAUGA,3641.0,4833.0,5301.0,7994.0,10444.0
GUERNSEY,1274.0,1815.0,2709.0,2351.0,2676.0
HIGHLAND,1624.0,1715.0,4379.0,7037.0,6489.0
HOCKING,1137.0,1140.0,1543.0,2351.0,2696.0
HURON,1492.0,42280.0,93347.0,192160.0,284840.0
LORAIN,2471.0,2874.0,2509.0,3905.0,6254.0
MAHONING,0.0,2925.0,3232.0,4838.0,39914.0
MEDINA,4104.0,5354.0,4404.0,7875.0,9075.0
MEIGS,0.0,8891.0,4960.0,7125.0,2010.0
MORROW,11123.0,22331.0,3449.0,4151.0,44643.0
MUSKINGUM,5540.0,2506.0,3999.0,48962.0,310206.0
PICKAWAY,1114.0,1048.0,1025.0,1397.0,2119.0
PORTAGE,1912.0,2189.0,3595.0,6980.0,6743.0
PREBLE,2811.0,7506.0,4290.0,87397.0,3462.0
ROSS,1925.0,1420.0,2144.0,24271.0,59911.0
SANDUSKY,1139.0,942.0,1199.0,1619.0,1072.0
SCIOTO,0.0,0.0,0.0,2712.0,0.0
TRUMBULL,2227.0,2460.0,12484.0,5371.0,3463.0
TUSCARAWAS,2669.0,7058.0,5221.0,5758.0,126537.0
VAN WERT,0.0,0.0,276540.0,0.0,0.0
VINTON,1025.0,444.0,584.0,439.0,1097.0
ALFALFA,48.0,440.0,176.0,388.0,413.0
ATOKA,1491.0,1288.0,1682.0,2458.0,4150.0
BEAVER,185.0,263.0,523.0,495.0,529.0
BECKHAM,268.0,546.0,819.0,995.0,1531.0
CANADIAN,895.0,2130.0,2059.0,4405.0,5156.0
CIMARRON,166.0,151.0,112.0,191.0,384.0
COAL,978.0,842.0,916.0,1679.0,6274.0
COTTON,185.0,402.0,460.0,704.0,677.0
CRAIG,1910.0,21932.0,0.0,12160.0,11747.0
CREEK,34446.0,26421.0,30414.0,35566.0,51014.0
DEWEY,627.0,663.0,608.0,517.0,643.0
GARVIN,0.0,1220.0,2401.0,3649.0,6778.0
GREER,148.0,153.0,232.0,326.0,347.0
HARMON,0.0,0.0,152.0,128.0,172.0
HUGHES,1198.0,1066.0,1623.0,3504.0,3642.0
KAY,2584.0,1148.0,1372.0,2174.0,5304.0
KINGFISHER,484.0,510.0,720.0,1158.0,1377.0
LATIMER,0.0,38609.0,1467.0,2808.0,3196.0
LOVE,1108.0,573.0,644.0,1215.0,2221.0
MAJOR,1131.0,1343.0,923.0,2147.0,1140.0
MAYES,72368.0,55096.0,19070.0,25236.0,136948.0
MCCLAIN,1520.0,2556.0,2793.0,5826.0,5112.0
MCCURTAIN,490505.0,580046.0,331616.0,358413.0,113815.0
MUSKOGEE,58057.0,78460.0,161102.0,202669.0,548257.0
NOWATA,933.0,1306.0,1756.0,2216.0,2259.0
OKFUSKEE,4736.0,1579.0,1289.0,3209.0,3157.0
OKLAHOMA,1724.0,3685.0,2356.0,5122.0,6829.0
OKMULGEE,1260.0,2739.0,3294.0,5971.0,0.0
PAYNE,2769.0,3435.0,3120.0,6317.0,5457.0
PITTSBURG,19356.0,3167.0,4434.0,6913.0,6313.0
POTTAWATOMIE,2006.0,5187.0,5717.0,14453.0,7719.0
PUSHMATAHA,0.0,33562.0,0.0,5634.0,2461.0
ROGER MILLS,480.0,335.0,651.0,711.0,554.0
ROGERS,3422.0,3860.0,5508.0,67379.0,10843.0
SEQUOYAH,94735.0,459876.0,34053.0,219946.0,140682.0
TILLMAN,229.0,308.0,226.0,162.0,348.0
TULSA,1304.0,2723.0,3102.0,5298.0,3126.0
WAGONER,1365.0,7137.0,1979.0,5413.0,6021.0
WASHITA,271.0,546.0,170.0,1004.0,1285.0
WOODS,214.0,241.0,896.0,815.0,594.0
WOODWARD,488.0,363.0,903.0,1127.0,2717.0
CLATSOP,478.0,597.0,642.0,1206.0,573.0
CROOK,923.0,1509.0,2636.0,1555.0,1396.0
DESCHUTES,3667.0,2276.0,5207.0,7467.0,7805.0
GILLIAM,72.0,95.0,81.0,662.0,103.0
HARNEY,756.0,797.0,1373.0,583.0,807.0
HOOD RIVER,340.0,519.0,893.0,1345.0,915.0
JOSEPHINE,2253.0,1832.0,2793.0,4348.0,3812.0
KLAMATH,1584.0,1531.0,1402.0,1947.0,1004.0
MALHEUR,1693.0,1405.0,2919.0,2711.0,2351.0
MULTNOMAH,1564.0,1366.0,3806.0,3415.0,4408.0
TILLAMOOK,625.0,1246.0,4214.0,2731.0,5509.0
UMATILLA,1907.0,2508.0,2865.0,25358.0,0.0
WALLOWA,534.0,618.0,2052.0,2660.0,1634.0
WASCO,457.0,571.0,1382.0,903.0,2088.0
YAMHILL,3399.0,5037.0,11545.0,11056.0,10736.0
ALLEGHENY,5487.0,2467.0,4124.0,14094.0,3373.0
ARMSTRONG,1264.0,2482.0,2538.0,5697.0,4614.0
BEDFORD,4052.0,38981.0,364934.0,38386.0,32583.0
BERKS,2574506.0,1860472.0,2683591.0,2090750.0,1436531.0
BLAIR,0.0,3320.0,3371.0,55553.0,0.0
BRADFORD,0.0,2886.0,4726.0,4609.0,4519.0
BUCKS,5426.0,8697.0,11449.0,12814.0,15454.0
CAMBRIA,4655.0,2463.0,1908.0,2173.0,1645.0
CENTRE,22726.0,5711.0,6904.0,4950.0,4018.0
CHESTER,552808.0,33882.0,59447.0,113599.0,62192.0
CLARION,3756.0,2655.0,2134.0,2421.0,3242.0
CLEARFIELD,1189.0,1010.0,2195.0,1811.0,1543.0
DAUPHIN,678007.0,788324.0,1065502.0,636663.0,527957.0
FOREST,72.0,178.0,396.0,224.0,423.0
HUNTINGDON,13730.0,20820.0,12576.0,43587.0,13039.0
INDIANA,2209.0,4478.0,5116.0,5147.0,4440.0
JUNIATA,351582.0,241345.0,106391.0,327141.0,444186.0
LACKAWANNA,670.0,1304.0,1242.0,3293.0,1728.0
LEBANON,2293370.0,1504824.0,2248341.0,1533776.0,2091332.0
LEHIGH,0.0,22848.0,1862.0,5609.0,152423.0
LUZERNE,1547.0,7755.0,4732.0,1457.0,2277.0
LYCOMING,177450.0,0.0,21220.0,0.0,41814.0
MCKEAN,768.0,510.0,954.0,917.0,1244.0
MIFFLIN,4933.0,23482.0,23056.0,134338.0,160267.0
MONTOUR,0.0,0.0,102530.0,0.0,188573.0
NORTHUMBERLAND,684823.0,131286.0,770149.0,847956.0,890383.0
PHILADELPHIA,0.0,0.0,0.0,110.0,32.0
POTTER,1069.0,767.0,2012.0,2062.0,2121.0
SCHUYLKILL,802079.0,1651628.0,1451372.0,621277.0,799852.0
SNYDER,252833.0,300957.0,434248.0,569521.0,574691.0
SUSQUEHANNA,2099.0,3463.0,3344.0,3418.0,2527.0
VENANGO,1678.0,1403.0,1817.0,8459.0,1207.0
WESTMORELAND,19405.0,4008.0,6030.0,19837.0,18570.0
NEWPORT,868.0,1580.0,3497.0,2296.0,1942.0
PROVIDENCE,32727.0,42504.0,57756.0,0.0,38421.0
ABBEVILLE,0.0,0.0,2320.0,1854.0,2843.0
AIKEN,92219.0,119189.0,172480.0,154549.0,0.0
ALLENDALE,41.0,0.0,70.0,79.0,0.0
BAMBERG,95.0,200.0,401.0,512.0,807.0
BARNWELL,56927.0,177633.0,156776.0,115137.0,108543.0
BERKELEY,0.0,0.0,1678.0,1326.0,1476.0
CHARLESTON,2032.0,2067.0,5579.0,5064.0,1199.0
CHESTERFIELD,132873.0,154894.0,223100.0,186500.0,174941.0
CLARENDON,0.0,0.0,0.0,0.0,899.0
COLLETON,0.0,0.0,1748.0,1762.0,3468.0
DILLON,0.0,410.0,176.0,0.0,164.0
EDGEFIELD,55400.0,0.0,0.0,1713.0,1688.0
FLORENCE,0.0,939.0,1104.0,597.0,1551.0
GEORGETOWN,718.0,371.0,0.0,233.0,1163.0
GREENVILLE,589.0,1687.0,3387.0,7108.0,7600.0
HAMPTON,180.0,537.0,534.0,1053.0,946.0
HORRY,972.0,1489.0,2770.0,2202.0,2219.0
KERSHAW,0.0,0.0,0.0,0.0,3006140.0
LEXINGTON,168286.0,164389.0,147689.0,79777.0,0.0
MARLBORO,0.0,1022.0,272.0,368.0,241.0
MCCORMICK,0.0,84.0,287.0,0.0,502.0
NEWBERRY,1261156.0,0.0,0.0,0.0,0.0
ORANGEBURG,188520.0,255415.0,293624.0,213305.0,412274.0
SALUDA,675344.0,489000.0,125577.0,0.0,0.0
SPARTANBURG,763.0,2140.0,7941.0,7379.0,7983.0
WILLIAMSBURG,379.0,683.0,2653.0,6381.0,1450.0
BEADLE,3753.0,1262.0,910.0,846.0,1296.0
BENNETT,80.0,331.0,167.0,0.0,146.0
BON HOMME,16536.0,713.0,1500.0,619.0,520.0
BROOKINGS,1535.0,1686.0,2148.0,417.0,857.0
BRULE,867.0,700.0,1091.0,795.0,766.0
CHARLES MIX,0.0,0.0,0.0,800.0,759.0
CODINGTON,274.0,372.0,325.0,643.0,1085.0
CORSON,282.0,128.0,326.0,603.0,180.0
DAVISON,285.0,185.0,674.0,787.0,587.0
DAY,565.0,205.0,684.0,483.0,446.0
EDMUNDS,0.0,189.0,2116.0,208.0,0.0
FALL RIVER,375.0,889.0,1837.0,1298.0,3004.0
FAULK,0.0,0.0,0.0,114.0,442.0
GREGORY,376.0,568.0,211.0,113.0,1077.0
HAAKON,125.0,92.0,522.0,212.0,152.0
HAMLIN,783.0,312.0,1070.0,751.0,903.0
HAND,0.0,641.0,68.0,218.0,193.0
HANSON,859.0,1314.0,1252.0,633.0,1512.0
HUTCHINSON,10562.0,764.0,4209.0,1658.0,1165.0
HYDE,282.0,177.0,300.0,175.0,200.0
JERAULD,0.0,323.0,330.0,249.0,170.0
LYMAN,61.0,117.0,259.0,330.0,177.0
MCCOOK,492.0,1647.0,2374.0,992.0,1485.0
MELLETTE,238.0,146.0,668.0,228.0,1361.0
MINER,0.0,175.0,595.0,0.0,0.0
MINNEHAHA,268.0,1327.0,2984.0,1190.0,2074.0
MOODY,175.0,0.0,0.0,0.0,769.0
OGLALA LAKOTA,25.0,103.0,383.0,156.0,131.0
ROBERTS,268.0,2482.0,877.0,0.0,0.0
SANBORN,114.0,173.0,451.0,254.0,433.0
SPINK,1355.0,3150.0,592.0,172.0,305.0
STANLEY,0.0,69.0,398.0,374.0,98.0
SULLY,0.0,0.0,96.0,139.0,142.0
TRIPP,221.0,407.0,582.0,1493.0,249.0
WALWORTH,84.0,155.0,269.0,129.0,202.0
YANKTON,1244.0,993.0,1543.0,1844.0,2218.0
ZIEBACH,162.0,88.0,124.0,138.0,117.0
BLEDSOE,118215.0,146380.0,340153.0,244981.0,381888.0
CANNON,1200.0,0.0,2051.0,13126.0,1959.0
CHEATHAM,747.0,893.0,1002.0,1648.0,2193.0
COCKE,289.0,1201.0,1209.0,3056.0,1921.0
CROCKETT,111.0,182.0,109.0,440.0,299.0
DICKSON,2741.0,1881.0,3386.0,3410.0,3509.0
DYER,327.0,881.0,356.0,604.0,662.0
FENTRESS,676.0,1542.0,1259.0,10407.0,1796.0
GILES,128788.0,130510.0,74807.0,121396.0,124167.0
GRAINGER,981.0,3147.0,1025.0,2160.0,2371.0
HAMBLEN,430.0,717.0,1625.0,1704.0,1214.0
HARDEMAN,834.0,463.0,1838.0,2810.0,1637.0
HAWKINS,1658.0,1457.0,2604.0,6275.0,4298.0
LOUDON,408.0,981.0,1158.0,1218.0,2277.0
MAURY,1846.0,3519.0,2966.0,4990.0,5782.0
MCMINN,884.0,0.0,35785.0,19764.0,4396.0
MCNAIRY,395.0,1076.0,1029.0,2087.0,0.0
OBION,0.0,0.0,0.0,61067.0,0.0
OVERTON,2111.0,1784.0,3509.0,1540.0,2660.0
PICKETT,147.0,203.0,468.0,189.0,373.0
RHEA,0.0,0.0,83844.0,67370.0,0.0
ROANE,1303.0,1932.0,1316.0,3295.0,2948.0
SEQUATCHIE,338.0,578.0,554.0,1014.0,642.0
TIPTON,1135.0,301.0,1973.0,1251.0,1010.0
TROUSDALE,119.0,496.0,390.0,675.0,1433.0
UNICOI,122.0,113.0,112.0,223.0,367.0
WEAKLEY,0.0,112069.0,69321.0,91256.0,126670.0
ANDREWS,632.0,68.0,80.0,733.0,592.0
ANGELINA,0.0,62012.0,0.0,2597.0,28745.0
ARANSAS,35.0,315.0,280.0,609.0,854.0
ARCHER,0.0,120.0,215.0,256.0,827.0
ATASCOSA,0.0,1584.0,2562.0,4039.0,4667.0
AUSTIN,0.0,15093.0,25859.0,4013.0,6255.0
BAILEY,0.0,258.0,111.0,370.0,226.0
BANDERA,1756.0,1671.0,3032.0,2763.0,3084.0
BASTROP,0.0,56859.0,11059.0,7573.0,6236.0
BAYLOR,60.0,76.0,52.0,0.0,75.0
BEE,793.0,991.0,1111.0,4022.0,2891.0
BEXAR,2519.0,11118.0,4382.0,7531.0,9061.0
BLANCO,1339.0,2354.0,1833.0,2017.0,1796.0
BORDEN,0.0,0.0,60.0,120.0,39.0
BOSQUE,1427.0,1322.0,2055.0,3054.0,3664.0
BOWIE,1168.0,1589.0,2239.0,7306.0,5773.0
BRAZORIA,152763.0,0.0,0.0,119839.0,198431.0
BREWSTER,254.0,413.0,601.0,1011.0,905.0
BRISCOE,75.0,0.0,62.0,0.0,0.0
BURLESON,88282.0,123761.0,148148.0,111575.0,233196.0
BURNET,2919.0,2109.0,3999.0,7085.0,6150.0
CALLAHAN,1014.0,1148.0,1281.0,3154.0,4079.0
CAMP,1546191.0,0.0,0.0,0.0,0.0
CARSON,0.0,245.0,1250.0,1084.0,591.0
CASTRO,0.0,50.0,79.0,119.0,155.0
CHILDRESS,54.0,55.0,62.0,63.0,113.0
COCHRAN,30.0,38.0,42.0,0.0,34.0
COKE,204.0,100.0,766.0,573.0,359.0
COLEMAN,384.0,599.0,574.0,1419.0,1075.0
COLLIN,0.0,7814.0,8933.0,13275.0,11629.0
COLLINGSWORTH,159.0,238.0,89.0,165.0,284.0
COLORADO,0.0,0.0,10744.0,9999.0,82919.0
COMAL,1148.0,2946.0,9571.0,25099.0,4137.0
CONCHO,26.0,179.0,108.0,394.0,253.0
COOKE,1805.0,3325.0,5971.0,6513.0,6854.0
CORYELL,841.0,1492.0,2707.0,5894.0,8922.0
COTTLE,0.0,261.0,61.0,36.0,212.0
CRANE,0.0,140.0,99.0,142.0,134.0
CROSBY,0.0,67.0,79.0,0.0,452.0
CULBERSON,0.0,0.0,0.0,48.0,34.0
DALLAM,91.0,250.0,28.0,0.0,159.0
DEAF SMITH,283.0,583.0,481.0,251.0,438.0
DICKENS,200.0,103.0,134.0,397.0,421.0
DIMMIT,142.0,269.0,717.0,339.0,295.0
DONLEY,72.0,224.0,370.0,224.0,224.0
EASTLAND,1129.0,1661.0,1865.0,3060.0,2930.0
ECTOR,523.0,754.0,291.0,1246.0,872.0
ERATH,2003.0,2676.0,3084.0,5206.0,4639.0
FALLS,1057.0,1089.0,0.0,0.0,2261.0
FISHER,197.0,36.0,314.0,522.0,919.0
FOARD,0.0,0.0,38.0,212.0,52.0
FORT BEND,1537.0,1476.0,2081.0,2111.0,3450.0
FREESTONE,925.0,11815.0,19545.0,0.0,208294.0
FRIO,116.0,311.0,332.0,785.0,1241.0
GAINES,229.0,0.0,221.0,172.0,714.0
GALVESTON,1221.0,2069.0,1745.0,17110.0,17784.0
GARZA,45.0,227.0,158.0,0.0,378.0
GILLESPIE,3745.0,2900.0,4021.0,4057.0,3773.0
GLASSCOCK,0.0,0.0,81.0,250.0,139.0
GOLIAD,859.0,884.0,1242.0,2625.0,2879.0
GONZALES,3988343.0,4909610.0,5262354.0,7625972.0,9876002.0
GREGG,285.0,909.0,2072.0,1190.0,2646.0
GRIMES,90225.0,49639.0,52846.0,6408.0,3875.0
HANSFORD,337.0,393.0,159.0,0.0,48.0
HARTLEY,0.0,102.0,122.0,118.0,130.0
HAYS,2235.0,31136.0,4138.0,6199.0,3491.0
HEMPHILL,0.0,70.0,47.0,27.0,187.0
HOCKLEY,534.0,205.0,324.0,1203.0,600.0
HOOD,1386.0,1348.0,5467.0,2840.0,3296.0
HUDSPETH,0.0,148.0,318.0,503.0,208.0
HUNT,3340.0,7791.0,12976.0,13886.0,23632.0
IRION,120.0,292.0,127.0,1214.0,531.0
JACK,3837.0,751.0,2186.0,1334.0,1879.0
JIM HOGG,0.0,0.0,0.0,157.0,179.0
JIM WELLS,721.0,1407.0,1869.0,3812.0,3954.0
KARNES,0.0,572.0,670.0,1790.0,967.0
KAUFMAN,4115.0,4650.0,11680.0,14846.0,14816.0
KERR,1465.0,1558.0,1699.0,39324.0,3291.0
KIMBLE,452.0,643.0,550.0,884.0,896.0
KINNEY,72.0,0.0,0.0,604.0,174.0
KLEBERG,261.0,210.0,416.0,1112.0,522.0
LAMB,0.0,0.0,181.0,272.0,790.0
LAMPASAS,1604.0,1341.0,1506.0,3506.0,3904.0
LAVACA,488256.0,495007.0,466464.0,100906.0,18783.0
LIPSCOMB,72.0,0.0,72.0,196.0,214.0
LIVE OAK,397.0,515.0,586.0,2400.0,1504.0
LLANO,423.0,265.0,800.0,1062.0,903.0
LYNN,442.0,0.0,322.0,255.0,126.0
MATAGORDA,473.0,1207.0,1210.0,1395.0,1728.0
MAVERICK,763.0,836.0,654.0,561.0,1423.0
MCCULLOCH,311.0,660.0,947.0,1464.0,739.0
MCLENNAN,4049.0,0.0,0.0,12956.0,144228.0
MCMULLEN,0.0,80.0,71.0,163.0,116.0
MILAM,141413.0,129084.0,615695.0,224068.0,173622.0
MONTAGUE,1920.0,2130.0,1655.0,3531.0,5218.0
MOTLEY,0.0,0.0,34.0,0.0,82.0
NACOGDOCHES,588771.0,513918.0,272176.0,279527.0,232110.0
NAVARRO,2493.0,3574.0,7678.0,4840.0,6035.0
NOLAN,269.0,445.0,547.0,715.0,623.0
NUECES,1098.0,1165.0,586.0,2328.0,1200.0
OCHILTREE,160.0,0.0,355.0,92.0,100.0
PALO PINTO,1069.0,1862.0,2499.0,4707.0,3837.0
PARKER,4457.0,5879.0,8790.0,17088.0,18552.0
PARMER,96.0,124.0,0.0,0.0,0.0
PECOS,323.0,172.0,247.0,601.0,474.0
PRESIDIO,122.0,167.0,324.0,382.0,108.0
RAINS,1172.0,1623.0,1916.0,3288.0,2695.0
RANDALL,294.0,766.0,759.0,2204.0,4863.0
REAGAN,0.0,0.0,152.0,372.0,895.0
REAL,105.0,182.0,366.0,194.0,417.0
REEVES,205.0,119.0,64.0,1066.0,218.0
REFUGIO,63.0,154.0,269.0,126.0,1447.0
ROCKWALL,794.0,474.0,741.0,1354.0,1964.0
RUNNELS,1045.0,671.0,443.0,274.0,857.0
RUSK,0.0,0.0,0.0,25945.0,41060.0
SAN AUGUSTINE,0.0,217840.0,0.0,125933.0,125016.0
SAN JACINTO,918.0,1095.0,1794.0,4040.0,4242.0
SAN PATRICIO,464.0,1142.0,1624.0,2035.0,1387.0
SAN SABA,361.0,342.0,915.0,1007.0,1837.0
SCHLEICHER,106.0,112.0,436.0,872.0,425.0
SCURRY,229.0,342.0,702.0,1282.0,1634.0
SHACKELFORD,278.0,135.0,187.0,345.0,451.0
SOMERVELL,421.0,518.0,331.0,840.0,801.0
STARR,595.0,916.0,1572.0,4346.0,2025.0
STONEWALL,87.0,144.0,429.0,209.0,362.0
SUTTON,36.0,0.0,92.0,353.0,266.0
SWISHER,261.0,161.0,401.0,327.0,345.0
TARRANT,2460.0,2466.0,3164.0,6496.0,5082.0
TERRY,823.0,210.0,136.0,64.0,316.0
THROCKMORTON,277.0,83.0,35.0,44.0,35.0
TITUS,0.0,687.0,1982.0,1850.0,2662.0
TOM GREEN,1463.0,1812.0,2014.0,2578.0,4778.0
TRAVIS,1884.0,6321.0,13702.0,27296.0,23635.0
TYLER,1654.0,2080.0,1861.0,4061.0,5360.0
UPSHUR,269595.0,77768.0,176844.0,49354.0,5174.0
UPTON,312.0,0.0,144.0,165.0,404.0
UVALDE,948.0,846.0,1031.0,670.0,966.0
VAL VERDE,257.0,609.0,551.0,1401.0,751.0
VAN ZANDT,5523.0,4660.0,5458.0,9037.0,12304.0
VICTORIA,731.0,878.0,1721.0,2295.0,3664.0
WALLER,2679.0,3544.0,5053.0,5324.0,5723.0
WEBB,896.0,503.0,1016.0,1746.0,1565.0
WHARTON,0.0,0.0,0.0,7670.0,3715.0
WILBARGER,109.0,187.0,222.0,1121.0,450.0
WILLACY,0.0,199.0,386.0,678.0,1437.0
WINKLER,0.0,110.0,178.0,0.0,66.0
WISE,6037.0,5848.0,11290.0,13606.0,14372.0
WOOD,0.0,78160.0,51762.0,73251.0,182559.0
YOAKUM,0.0,182.0,82.0,0.0,165.0
YOUNG,513.0,567.0,1677.0,2279.0,1563.0
ZAPATA,260.0,0.0,652.0,283.0,107.0
ZAVALA,190.0,162.0,330.0,414.0,621.0
BOX ELDER,1959.0,1168.0,1762.0,1869.0,3394.0
DAGGETT,0.0,0.0,0.0,84.0,86.0
DUCHESNE,929.0,1154.0,1816.0,2510.0,2640.0
EMERY,263.0,371.0,1028.0,1212.0,1269.0
JUAB,50.0,174.0,256.0,137.0,511.0
PIUTE,180.0,0.0,122.0,48.0,107.0
RICH,0.0,69.0,192.0,123.0,234.0
SALT LAKE,750.0,2361.0,1571.0,3029.0,2877.0
SANPETE,823.0,848.0,1255.0,2097.0,2641.0
UINTAH,879.0,1431.0,2185.0,4390.0,3884.0
WASATCH,529.0,403.0,1319.0,1357.0,1497.0
WEBER,1261.0,895.0,1941.0,2894.0,3774.0
ADDISON,0.0,0.0,0.0,58738.0,37489.0
BENNINGTON,587.0,1646.0,2225.0,1457.0,1548.0
CALEDONIA,2268.0,1572.0,2709.0,42111.0,63179.0
CHITTENDEN,1382.0,7376.0,4400.0,6452.0,4791.0
GRAND ISLE,200.0,488.0,2998.0,0.0,0.0
LAMOILLE,0.0,1727.0,4414.0,13685.0,1783.0
RUTLAND,2296.0,2220.0,3904.0,4407.0,4227.0
WINDSOR,2441.0,4926.0,4729.0,4022.0,6974.0
ALBEMARLE,1109.0,2783.0,5851.0,5911.0,5425.0
AMELIA,0.0,0.0,0.0,1992.0,750.0
AMHERST,343.0,875.0,1086.0,2312.0,1347.0
APPOMATTOX,0.0,0.0,19235.0,1227.0,1547.0
AUGUSTA,88863.0,107546.0,114759.0,119375.0,134098.0
BLAND,463.0,471.0,928.0,867.0,836.0
BOTETOURT,887.0,1042.0,1850.0,1838.0,1557.0
CHARLES CITY,351.0,280.0,476.0,957.0,212.0
CHESAPEAKE CITY,955.0,796.0,1882.0,2268.0,1017.0
CULPEPER,990.0,674.0,3825.0,5096.0,2815.0
DICKENSON,210.0,322.0,483.0,1084.0,399.0
DINWIDDIE,775.0,1018.0,931.0,2092.0,1663.0
FAIRFAX,500.0,279.0,377.0,929.0,404.0
FAUQUIER,1986.0,3571.0,8550.0,6262.0,7530.0
FLUVANNA,900.0,636.0,763.0,2171.0,2173.0
GOOCHLAND,381.0,1106.0,2455.0,3721.0,1956.0
GREENSVILLE,0.0,0.0,0.0,100.0,46.0
HANOVER,194.0,980.0,3961.0,3500.0,1451.0
HENRICO,242.0,399.0,829.0,296.0,695.0
ISLE OF WIGHT,0.0,0.0,1587.0,3539.0,1515.0
JAMES CITY,422.0,2693.0,926.0,1322.0,170.0
KING AND QUEEN,263.0,151.0,655.0,1752.0,122.0
KING GEORGE,229.0,254.0,562.0,451.0,769.0
KING WILLIAM,24.0,467.0,1221.0,811.0,1276.0
LOUDOUN,1600.0,3892.0,6562.0,10199.0,10317.0
LUNENBURG,0.0,630.0,892.0,927.0,1017.0
MATHEWS,0.0,152.0,0.0,0.0,5030.0
NEW KENT,156.0,689.0,1127.0,1946.0,941.0
NOTTOWAY,163943.0,0.0,301681.0,169964.0,0.0
PATRICK,230.0,345.0,1350.0,1496.0,851.0
PITTSYLVANIA,0.0,42689.0,25739.0,42306.0,38663.0
PRINCE EDWARD,76352.0,53457.0,0.0,0.0,1098.0
PRINCE GEORGE,90.0,383.0,486.0,536.0,969.0
PRINCE WILLIAM,824.0,687.0,1997.0,2137.0,2345.0
RAPPAHANNOCK,1098.0,1275.0,1490.0,2766.0,2494.0
ROANOKE,251.0,197.0,106.0,450.0,868.0
ROCKBRIDGE,1323.0,1471.0,2551.0,1772.0,2267.0
SHENANDOAH,0.0,58092.0,64507.0,65049.0,59400.0
SMYTH,223.0,516.0,1193.0,1410.0,972.0
SOUTHAMPTON,0.0,0.0,0.0,402.0,519.0
SPOTSYLVANIA,1624.0,2014.0,2184.0,2102.0,2129.0
SUFFOLK CITY,213.0,562.0,1573.0,1373.0,955.0
VIRGINIA BEACH CITY,567.0,584.0,1374.0,1382.0,706.0
WYTHE,521.0,1530.0,1451.0,1387.0,2165.0
ASOTIN,140.0,511.0,293.0,729.0,382.0
CHELAN,337.0,1283.0,1458.0,1084.0,809.0
CLALLAM,1171.0,2235.0,3311.0,4019.0,3667.0
COWLITZ,994.0,1524.0,1924.0,1911.0,1443.0
FERRY,306.0,546.0,1050.0,535.0,616.0
GRAYS HARBOR,1292.0,1777.0,2013.0,1733.0,1723.0
ISLAND,0.0,1242.0,2822.0,2291.0,3705.0
KING,4663.0,9057.0,9778.0,12353.0,10884.0
KITSAP,2203.0,3524.0,5175.0,6292.0,6367.0
KITTITAS,766.0,1239.0,2533.0,2660.0,1620.0
KLICKITAT,1224.0,2414.0,2747.0,2563.0,3501.0
OKANOGAN,2395.0,3258.0,3929.0,3126.0,3497.0
PACIFIC,128.0,869.0,721.0,598.0,718.0
PEND OREILLE,948.0,652.0,1284.0,1004.0,470.0
SKAGIT,0.0,324755.0,0.0,13686.0,7302.0
SKAMANIA,188.0,707.0,840.0,761.0,473.0
SNOHOMISH,362301.0,468043.0,759220.0,726366.0,801440.0
SPOKANE,0.0,6593.0,7964.0,10718.0,10968.0
WAHKIAKUM,463.0,750.0,658.0,1207.0,767.0
WALLA WALLA,0.0,1955.0,2259.0,2536.0,3052.0
WHATCOM,1913.0,3855.0,8148.0,11729.0,14452.0
WHITMAN,1107.0,1202.0,1368.0,1696.0,1229.0
BRAXTON,1345.0,880.0,798.0,1318.0,1740.0
BROOKE,437.0,647.0,210.0,419.0,398.0
CABELL,481.0,971.0,1014.0,1518.0,2477.0
DODDRIDGE,735.0,1406.0,3217.0,961.0,1684.0
GREENBRIER,1604.0,1493.0,2001.0,5556.0,4198.0
HARDY,728225.0,529194.0,473931.0,447744.0,595250.0
KANAWHA,380.0,576.0,960.0,3044.0,1576.0
MINGO,240.0,90.0,0.0,0.0,0.0
MONONGALIA,1363.0,1591.0,1557.0,2962.0,2147.0
PLEASANTS,229.0,366.0,276.0,811.0,1135.0
POCAHONTAS,1597.0,1154.0,2198.0,2482.0,4265.0
PRESTON,1496.0,1992.0,3746.0,6510.0,6070.0
RALEIGH,338.0,427.0,1001.0,1830.0,1299.0
RITCHIE,653.0,917.0,1245.0,2664.0,2124.0
SUMMERS,296.0,723.0,1742.0,2042.0,1375.0
TUCKER,259.0,572.0,693.0,777.0,648.0
WETZEL,512.0,1173.0,807.0,1059.0,1536.0
WIRT,504.0,472.0,875.0,1137.0,1029.0
BARRON,2336.0,2180.0,2820.0,3116.0,4375.0
BAYFIELD,497.0,1455.0,1865.0,1787.0,1608.0
BURNETT,1128.0,1649.0,1067.0,679.0,1583.0
CALUMET,1128.0,1613.0,1929.0,1319.0,1592.0
DANE,45403.0,75052.0,71297.0,73715.0,0.0
DOOR,1036.0,1391.0,1287.0,2356.0,6338.0
EAU CLAIRE,3347.0,3911.0,14400.0,10062.0,6713.0
FOND DU LAC,2126.0,4419.0,1882.0,2598.0,2318.0
GREEN LAKE,3361.0,4965.0,4755.0,7992.0,10193.0
KENOSHA,1489.0,1528.0,1230.0,4527.0,2216.0
KEWAUNEE,784.0,1544.0,467.0,1166.0,1439.0
LA CROSSE,3609.0,14560.0,11938.0,11359.0,9240.0
LANGLADE,4881.0,10066.0,849.0,1303.0,1007.0
MARATHON,3820.0,7754.0,5968.0,28652.0,28127.0
MARINETTE,1369.0,5745.0,1253.0,1884.0,1250.0
MILWAUKEE,797.0,316.0,409.0,554.0,256.0
OCONTO,1654.0,2997.0,2509.0,7543.0,4152.0
OUTAGAMIE,991.0,1806.0,1986.0,3536.0,3178.0
OZAUKEE,0.0,0.0,0.0,0.0,1389.0
PEPIN,463.0,1137.0,10453.0,1275.0,802.0
PRICE,666.0,1818.0,1842.0,1351.0,1383.0
RACINE,2096.0,1560.0,2616.0,3288.0,3958.0
SAUK,0.0,317318.0,82193.0,95757.0,19101.0
SAWYER,377.0,1008.0,647.0,1139.0,1077.0
SHAWANO,4021.0,3624.0,17990.0,13362.0,9302.0
SHEBOYGAN,1683.0,2212.0,2976.0,0.0,0.0
ST CROIX,2870.0,2959.0,3796.0,4794.0,2448.0
TREMPEALEAU,70442.0,98781.0,88548.0,125846.0,109744.0
VILAS,194.0,340.0,0.0,521.0,207.0
WASHBURN,1142.0,3150.0,1616.0,2162.0,1423.0
WAUKESHA,1942.0,1982.0,2419.0,2566.0,3122.0
WAUPACA,3051.0,3781.0,4192.0,2306.0,3294.0
WAUSHARA,1555.0,2279.0,2779.0,2643.0,2289.0
CONVERSE,837.0,714.0,1101.0,1040.0,1143.0
GOSHEN,842.0,995.0,1633.0,1857.0,1259.0
HOT SPRINGS,0.0,118.0,138.0,614.0,515.0
LARAMIE,1456.0,1241.0,2105.0,2336.0,2231.0
NATRONA,705.0,1101.0,1269.0,1630.0,1651.0
NIOBRARA,151.0,94.0,259.0,404.0,301.0
SUBLETTE,297.0,613.0,629.0,653.0,424.0
SWEETWATER,194.0,418.0,431.0,400.0,325.0
UINTA,697.0,499.0,380.0,943.0,1045.0
WASHAKIE,406.0,505.0,264.0,790.0,714.0
WESTON,123.0,218.0,542.0,929.0,1107.0
